"expression","reading","meaning","tags","guid","meaning_vi"
"ああ","ああ","Ah!, Oh!","JLPT JLPT_4 JLPT_5 JLPT_N5","HI-.Ij?HS~","À!, Ồ!"
"会う","あう","to meet, to see","JLPT JLPT_3 JLPT_5 JLPT_N5","kupB!kWE}<","gặp, để xem"
"青","あお","blue","JLPT JLPT_5 JLPT_N5","HB)I{+$j.i","màu xanh da trời"
"青い","あおい","blue","Genki Genki_Ln.9 JLPT JLPT_5 JLPT_N5","q(A)lc.Kr8","màu xanh da trời"
"赤","あか","red","JLPT JLPT_5 JLPT_N5","y!Fn9IOz@J","màu đỏ"
"赤い","あかい","red","Genki Genki_Ln.9 Intermediate_Japanese Intermediate_Japanese_Ln.12 JLPT JLPT_5 JLPT_N5","D`aKGX2j!#","màu đỏ"
"明るい","あかるい","bright (in reference to personality or weather); cheerful","Genki Genki_Ln.18 Intermediate_Japanese Intermediate_Japanese_Ln.11 JLPT JLPT_5 JLPT_N5","m>)z8|k.>J","tươi sáng (liên quan đến tính cách hoặc thời tiết); vui vẻ"
"秋","あき","fall (season)","Genki Genki_Ln.10 Intermediate_Japanese Intermediate_Japanese_Ln.4 JLPT JLPT_3 JLPT_5 JLPT_N5","H~$iS3{X?*","mùa thu (mùa)"
"開く","あく","to open, to become open","JLPT JLPT_3 JLPT_5 JLPT_N5","m[4![DH*c~","mở ra, trở nên cởi mở"
"開ける","あける","to open (v.t.)","Intermediate_Japanese Intermediate_Japanese_Ln.12 JLPT JLPT_3 JLPT_5 JLPT_N5","y.#AVx@-k>","mở (v.t.)"
"上げる","あげる","to raise, to lift","JLPT JLPT_3 JLPT_5 JLPT_N5","Hp0]9?Ae.w","nâng lên, nâng lên"
"朝","あさ","morning","Genki Genki_Ln.3 Intermediate_Japanese Intermediate_Japanese_Ln.2 JLPT JLPT_5 JLPT_N5","g|Q>VbnCii","buổi sáng"
"朝御飯","あさごはん","breakfast","Genki Genki_Ln.3 JLPT JLPT_5 JLPT_N5","wWUR=G6*(U","bữa sáng"
"明後日","あさって","day after tomorrow","JLPT JLPT_5 JLPT_N5","mF[0Aq7|V7","ngày mốt"
"足; 脚","あし","foot; leg","JLPT JLPT_5 JLPT_N5","m.INsC.wC2","chân; chân"
"明日","あした","tomorrow","Genki Genki_Ln.3 Intermediate_Japanese Intermediate_Japanese_Ln.7 JLPT JLPT_3 JLPT_5 JLPT_N5","xZI7N3AauN","Ngày mai"
"あそこ","あそこ","there, over there, that place","Genki Genki_Ln.2 JLPT JLPT_5 JLPT_N5","P>AI.lx+Jq","ở đó, ở kia, nơi đó"
"遊ぶ","あそぶ","to play; to spend time pleasantly; to hang out","Genki Genki_Ln.6 Intermediate_Japanese Intermediate_Japanese_Ln.1 JLPT JLPT_5 JLPT_N5","e<h|f2`;&","đi chơi; dành thời gian một cách vui vẻ; đi chơi"
"暖かい","あたたかい","warm","JLPT_N5","tk[pUMy0{i","ấm"
"頭","あたま","head","Intermediate_Japanese Intermediate_Japanese_Ln.2 JLPT JLPT_5 JLPT_N5","DaKiPvzaex","cái đầu"
"新しい","あたらしい","new","Genki Genki_Ln.5 JLPT JLPT_5 JLPT_N5","h)6JB@Q5Rj","mới"
"あちら","あちら","this way (polite)","Genki Genki_Ln.20 JLPT JLPT_5 JLPT_N5","h{rLO32/d4","lối này (lịch sự)"
"暑い","あつい","hot (in reference to weather), warm","Genki Genki_Ln.5 Intermediate_Japanese Intermediate_Japanese_Ln.4 JLPT JLPT_5 JLPT_N5","gSl8i,<}^I","nóng (liên quan đến thời tiết), ấm áp"
"熱い","あつい","hot (objects)","Genki Genki_Ln.5 JLPT JLPT_5 JLPT_N5","Gy7fB=0YXx","nóng (đồ vật)"
"厚い","あつい","kind, warm(hearted), thick, deep","JLPT JLPT_5 JLPT_N5","v[2GvOysf?","tốt bụng, ấm áp (trái tim), dày dặn, sâu sắc"
"あっち","あっち","over there","JLPT JLPT_5 JLPT_N5","Pv=fA$Z6K5","đằng kia"
"後","あと","afterwards (later); in the future; the rest; since then","Genki Genki_Ln.18 JLPT JLPT_2 JLPT_3 JLPT_5 JLPT_N5","r-[yF55!,-","sau đó (sau này); trong tương lai; phần còn lại; kể từ đó"
"あなた","あなた","you","Genki Genki_Ln.4 JLPT JLPT_5 JLPT_N5","dwd.i?n%,!","Bạn"
"兄","あに","(my) older brother (humble)","Genki Genki_Ln.14 JLPT JLPT_5 JLPT_N5","L}%Kue=51s","(của tôi) anh trai (khiêm tốn)"
"姉","あね","(my) older sister (humble)","Genki Genki_Ln.7 JLPT JLPT_5 JLPT_N5","IX6p9}CO.e","(của tôi) chị gái (khiêm tốn)"
"アパート","アパート","apartment (abbr.)","Genki Genki_Ln.7 JLPT JLPT_5 JLPT_N5","wZ/2ki)d+f","căn hộ (viết tắt)"
"あの","あの","that over there; like that, that way; um...","JLPT JLPT_4 JLPT_5 JLPT_N5","B2LX%goFyX","cái đó ở đằng kia; như thế, như thế; ừm..."
"浴びる","あびる","to bathe, to shower","JLPT JLPT_3 JLPT_5 JLPT_N5","b2.2F3UI=#","tắm, tắm"
"危ない","あぶない","dangerous, critical","Intermediate_Japanese Intermediate_Japanese_Ln.15 JLPT JLPT_5 JLPT_N5","kjgRC;INvI","nguy hiểm, nguy kịch"
"甘い","あまい","generous, sweet","Genki Genki_Ln.12 JLPT JLPT_5 JLPT_N5","jcM!HlCL`<","hào phóng, ngọt ngào"
"余り","あまり","not very; surplus","JLPT JLPT_3 JLPT_5 JLPT_N5","l$B(J(k,y1","không hẳn; dư thừa"
"雨","あめ","rain","Genki Genki_Ln.8 JLPT JLPT_5 JLPT_N5","PaXlv})<8_","cơn mưa"
"飴","あめ","(hard) candy","JLPT JLPT_5 JLPT_N5","v}dp1l^X:W","(cứng) kẹo"
"洗う","あらう","to wash","Genki Genki_Ln.8 Intermediate_Japanese Intermediate_Japanese_Ln.10 JLPT JLPT_5 JLPT_N5","H=[cc$xhzR","rửa"
"在る","ある","to be, to have","JLPT JLPT_3 JLPT_5 JLPT_N5","w$Yz{uB@-`","được, có"
"有る","ある","to be, to have","JLPT JLPT_3 JLPT_5 JLPT_N5","v`6i&kQMJj","được, có"
"歩く","あるく","to walk","Genki Genki_Ln.20 Intermediate_Japanese Intermediate_Japanese_Ln.1 JLPT JLPT_5 JLPT_N5","Kkagn,fSTU","đi bộ"
"あれ","あれ","that one (over there)","Genki Genki_Ln.2 JLPT JLPT_5 JLPT_N5","Co(PaI(^/_","cái đó (ở đằng kia)"
"いい; よい","いい; よい","good","JLPT JLPT_5 JLPT_N5","O(#?WJE%7H","Tốt"
"いいえ","いいえ","no, not at all","JLPT JLPT_5 JLPT_N5","iO`r],Af`o","không, không hề"
"言う","いう","to say","Genki Genki_Ln.8 JLPT JLPT_5 JLPT_N5","iurNhMLEpv","để nói"
"家","いえ","house, home","Genki Genki_Ln.3 JLPT JLPT_2 JLPT_3 JLPT_5 JLPT_N5","QGc`#y1e97","nhà, nhà"
"いかが","いかが","how, in what way","JLPT JLPT_5 JLPT_N5","r5L~xW!JP9","như thế nào, bằng cách nào"
"行く","いく; ゆく","to go","JLPT JLPT_5 JLPT_N5","kJnXhXxW0)","đi"
"いくつ","いくつ","how many, how old","JLPT JLPT_3 JLPT_5 JLPT_N5","mxf9)ZwbLi","bao nhiêu, bao nhiêu tuổi"
"いくら","いくら","how much, how many","Genki Genki_Ln.2 JLPT JLPT_3 JLPT_5 JLPT_N5","G7]VF2LkZL","bao nhiêu, bao nhiêu"
"池","いけ","pond","JLPT JLPT_5 JLPT_N5","u8]?l[G,7&","ao"
"医者","いしゃ","doctor; physician","Genki Genki_Ln.1 Genki_Ln.10 Intermediate_Japanese Intermediate_Japanese_Ln.12 JLPT JLPT_5 JLPT_N5","f&|8.,xzY9","bác sĩ; bác sĩ"
"椅子","いす","chair","JLPT JLPT_3 JLPT_5 JLPT_N5","Nxw^e{dZp(","cái ghế"
"忙しい","いそがしい","busy (people, days)","Genki Genki_Ln.5 JLPT JLPT_5 JLPT_N5","pTORshR]m|","bận (người, ngày)"
"痛い","いたい","hurt; painful; sore","Genki Genki_Ln.12 Intermediate_Japanese Intermediate_Japanese_Ln.5 JLPT JLPT_5 JLPT_N5","O@@jk^&oQ8","đau; đau đớn; đau"
"一","いち","one","JLPT JLPT_3 JLPT_5 JLPT_N5","C57gy_Lcmo","một"
"一日","いちにち","one day (duration)","Genki Genki_Ln.13 JLPT JLPT_5 JLPT_N5","Q/Fb^F]yhk","một ngày (thời gian)"
"一番","いちばん","best (most), first, number one","Genki Genki_Ln.10 Intermediate_Japanese Intermediate_Japanese_Ln.3 JLPT JLPT_3 JLPT_5 JLPT_N5","y&ds7j((mb","tốt nhất (hầu hết), đầu tiên, số một"
"いつ","いつ","when","Genki Genki_Ln.3 JLPT JLPT_2 JLPT_5 JLPT_N5","oGX1~x%YQo","khi"
"五日","いつか","five days; fifth day of the month","Genki Genki_Ln.13 JLPT JLPT_3 JLPT_5 JLPT_N5","iii]i;bYjg","năm ngày; ngày thứ năm của tháng"
"一緒","いっしょ","together","Intermediate_Japanese Intermediate_Japanese_Ln.7 JLPT JLPT_5 JLPT_N5","D>uK5dFJy^","cùng nhau"
"五つ","いつつ","five things","Genki Genki_Ln.9 JLPT JLPT_5 JLPT_N5","Q!*H:Q_rHO","năm điều"
"いつも","いつも","always, usually, every time, never (with neg. verb)","Genki Genki_Ln.12 JLPT JLPT_3 JLPT_5 JLPT_N5","BM|Xrf53.p","luôn luôn, thường xuyên, mọi lúc, không bao giờ (với động từ phủ định)"
"犬","いぬ","dog","Genki Genki_Ln.4 JLPT JLPT_5 JLPT_N5","ktH(<>,fX+","chó"
"今","いま","now","Genki Genki_Ln.1 JLPT JLPT_3 JLPT_5 JLPT_N5","N{Ld-iFO]H","Hiện nay"
"意味","いみ","meaning, significance","Genki Genki_Ln.12 Intermediate_Japanese Intermediate_Japanese_Ln.2 JLPT JLPT_5 JLPT_N5","xQ(-U#d9Tp","ý nghĩa, tầm quan trọng"
"妹","いもうと","younger sister (humble)","Genki Genki_Ln.1 Genki_Ln.7 JLPT JLPT_5 JLPT_N5","BL_XI^txw+","em gái (khiêm tốn)"
"嫌","いや","disagreeable, detestable, unpleasant","JLPT JLPT_3 JLPT_5 JLPT_N5","pj6@51cCNZ","khó chịu, đáng ghét, khó ưa"
"入口","いりぐち","entrance","JLPT JLPT_5 JLPT_N5","E5~,8$6,oj","cổng vào"
"居る","いる","(humble) to be (animate), to exist","JLPT JLPT_5 JLPT_N5","wfzvV]4NOO","(khiêm tốn) là (sống), tồn tại"
"要る","いる","to need","JLPT JLPT_5 JLPT_N5","j|TF$iBC;9","cần"
"入れる","いれる","to put in","JLPT JLPT_5 JLPT_N5","swmy/(v]Eb","để đưa vào"
"色","いろ","color","Genki Genki_Ln.9 Intermediate_Japanese Intermediate_Japanese_Ln.9 JLPT JLPT_5 JLPT_N5","Epa;v6=%P,","màu sắc"
"色々","いろいろ","various","JLPT JLPT_5 JLPT_N5","jV7cB[WgxE","nhiều"
"上","うえ","above (up, top, etc.), over, on top of","JLPT JLPT_2 JLPT_5 JLPT_N5","j3j@,T!uH>","ở trên (lên, trên cùng, v.v.), trên, trên cùng"
"後ろ","うしろ","back, behind, rear","JLPT JLPT_3 JLPT_5 JLPT_N5","s:DnwS1iNM","sau, đằng sau, phía sau"
"薄い","うすい","thin, weak","JLPT JLPT_3 JLPT_5 JLPT_N5","pRrb<$bzH|","gầy, yếu"
"歌","うた","a song","Genki Genki_Ln.7 JLPT JLPT_5 JLPT_N5","JJN9**Hn8A","một bài hát"
"歌う","うたう","to sing","Genki Genki_Ln.7 Intermediate_Japanese Intermediate_Japanese_Ln.7 JLPT JLPT_5 JLPT_N5","AN4yH;7MHR","hát"
"うち","うち","home; house; my place","Genki Genki_Ln.3 JLPT JLPT_3 JLPT_5 JLPT_N5","u5l2?%hKEd","trang chủ; căn nhà; chỗ của tôi"
"生まれる","うまれる","to be born","JLPT JLPT_3 JLPT_5 JLPT_N5","i{d6CiQ#iK","được sinh ra"
"海","うみ","sea, beach","Genki Genki_Ln.5 JLPT JLPT_5 JLPT_N5","Cla&e~|Y6P","biển, bãi biển"
"売る","うる","to sell (v.t.)","Genki Genki_Ln.15 Intermediate_Japanese Intermediate_Japanese_Ln.6 JLPT JLPT_3 JLPT_5 JLPT_N5","nqk=gYOr|$","để bán (v.t.)"
"うるさい","うるさい","noisy; annoying","Genki Genki_Ln.22 JLPT JLPT_3 JLPT_5 JLPT_N5","fsH/V)BWD4","ồn ào; khó chịu"
"上着","うわぎ","coat, jacket","JLPT JLPT_5 JLPT_N5","nv?u]<OhhN","áo khoác, áo khoác"
"絵","え","a painting; a picture; a drawing","Genki Genki_Ln.15 JLPT JLPT_3 JLPT_5 JLPT_N5","E6H3mWmPF1","một bức tranh; một bức tranh; một bản vẽ"
"映画","えいが","movie, film","Genki Genki_Ln.3 Intermediate_Japanese Intermediate_Japanese_Ln.7 JLPT JLPT_5 JLPT_N5","Q842_8x`<%","phim, phim"
"映画館","えいがかん","movie theater, cinema","Genki Genki_Ln.15 JLPT JLPT_5 JLPT_N5","tKa%gU>tYk","rạp chiếu phim, rạp chiếu phim"
"英語","えいご","English (language)","Genki Genki_Ln.1 JLPT JLPT_5 JLPT_N5","l~kTfp|Na~","Tiếng Anh (ngôn ngữ)"
"ええ","ええ","yes","Genki Genki_Ln.1 JLPT JLPT_5 JLPT_N5","K4f;DsCIdC","Đúng"
"駅","えき","station","Genki Genki_Ln.10 JLPT JLPT_5 JLPT_N5","EP[wTa2Y![","ga tàu"
"エレベーター","エレベーター","elevator","JLPT JLPT_2 JLPT_5 JLPT_N5","GomZ-xrho6","thang máy"
"～円","～えん","Yen","JLPT JLPT_5 JLPT_N5","rY,[_6)@&p","Yên"
"鉛筆","えんぴつ","pencil","Genki Genki_Ln.2 JLPT JLPT_5 JLPT_N5","ArKUTnLoi2","bút chì"
"お～","お～","honorable ~ (honorific)","JLPT JLPT_5 JLPT_N5","Q1z/@I6[X=","đáng kính ~ (kính trọng)"
"美味しい","おいしい","delicious, tasty","JLPT JLPT_5 JLPT_N5","f%Oz)hC{aH","ngon, ngon"
"多い","おおい","many; there are a lot","Intermediate_Japanese Intermediate_Japanese_Ln.1 JLPT JLPT_5 JLPT_N5","CS_ZJ+i5[)","nhiều; có rất nhiều"
"大きい","おおきい","big, large","Genki Genki_Ln.5 JLPT JLPT_5 JLPT_N5","N*s[nF-<Om","lớn, lớn"
"大きな","おおきな","big","JLPT JLPT_5 JLPT_N5","C@,$F5(H&S","to lớn"
"大勢","おおぜい","great number of people","JLPT JLPT_5 JLPT_N5","d_f[=H{F{<","số lượng lớn người"
"お母さん","おかあさん","mother (formal)","Genki Genki_Ln.1 Genki_Ln.2 JLPT JLPT_5 JLPT_N5","JmU7?0Aw7)","mẹ (trang trọng)"
"お菓子","おかし","confections, sweets, snack","Genki Genki_Ln.11 JLPT JLPT_5 JLPT_N5","iY2$$8!fW<","bánh kẹo, đồ ngọt, đồ ăn nhẹ"
"お金","おかね","money","Genki Genki_Ln.6 JLPT JLPT_5 JLPT_N5","uh%`nh}D?M","tiền bạc"
"起きる","おきる","to get up (e.g., from sleeping); to happen","Genki Genki_Ln.3 Intermediate_Japanese Intermediate_Japanese_Ln.12 JLPT JLPT_3 JLPT_5 JLPT_N5","i~#f<a525w","thức dậy (ví dụ: sau khi ngủ); xảy ra"
"置く","おく","to put; to lay; to place","Genki Genki_Ln.21 JLPT JLPT_3 JLPT_5 JLPT_N5","KTJ,/<Sfw7","đặt ; nằm; đặt"
"奥さん","おくさん","(someone else's) wife (hon.)","Genki Genki_Ln.14 Intermediate_Japanese Intermediate_Japanese_Ln.9 JLPT JLPT_5 JLPT_N5","raj<Z6u7R]","vợ (của người khác) (hon.)"
"お酒","おさけ","sake; alcohol","Genki Genki_Ln.3 JLPT JLPT_5 JLPT_N5","BPnYG]G`g3","lợi ích; rượu bia"
"お皿","おさら","plate, dish","JLPT JLPT_5 JLPT_N5","lNBs!SV,D!","đĩa, món ăn"
"伯父; 叔父さん","おじさん","uncle, middle-aged man","JLPT JLPT_5 JLPT_N5","s$4&3o9W|{","chú, người đàn ông trung niên"
"おじいさん","おじいさん","grandfather, male senior citizen","Genki Genki_Ln.13 JLPT JLPT_3 JLPT_5 JLPT_N5","OnBGSorIYO","ông nội, nam công dân cao tuổi"
"教える","おしえる","to teach, to inform, to instruct","Intermediate_Japanese Intermediate_Japanese_Ln.1 JLPT JLPT_5 JLPT_N5","&(rx8HabP","để dạy, để thông báo, để hướng dẫn"
"押す","おす","to push, to press, to stamp (e.g., a passport)","Genki Genki_Ln.18 JLPT JLPT_5 JLPT_N5","O7S.k1^4+9","đẩy, ấn, đóng dấu (ví dụ: hộ chiếu)"
"遅い","おそい","slow; (to be) late","Genki Genki_Ln.10 Intermediate_Japanese Intermediate_Japanese_Ln.11 JLPT JLPT_5 JLPT_N5","e`TVG4aTiS","chậm; (đến) muộn"
"お茶","おちゃ","(green) tea","Genki Genki_Ln.3 Intermediate_Japanese Intermediate_Japanese_Ln.6 JLPT JLPT_5 JLPT_N5","o|6tDcd,cL","(xanh) trà"
"お手洗い","おてあらい","toilet, restroom, bathroom (lit., a place to wash one's hands)","Genki Genki_Ln.2 Intermediate_Japanese Intermediate_Japanese_Ln.13 JLPT JLPT_5 JLPT_N5","jX+//z~!X8","nhà vệ sinh, nhà vệ sinh, phòng tắm (chỗ rửa tay)"
"お父さん","おとうさん","father (formal)","Genki Genki_Ln.1 Genki_Ln.2 JLPT JLPT_5 JLPT_N5","Kh?V(6)C|2","cha (trang trọng)"
"弟","おとうと","younger brother","Genki Genki_Ln.1 Genki_Ln.7 JLPT JLPT_5 JLPT_N5","ht,o]F,GkV","em trai"
"男","おとこ","man, male","Genki Genki_Ln.17 JLPT JLPT_5 JLPT_N5","QC9-<k]D|G","người đàn ông, nam giới"
"男の子","おとこのこ","boy","Genki Genki_Ln.11 JLPT JLPT_5 JLPT_N5","mDCUq=3c&Y","con trai"
"一昨日","おととい","the day before yesterday","Genki Genki_Ln.19 JLPT JLPT_5 JLPT_N5","n^WNNS^t5D","ngày hôm kia"
"おととし","おととし","year before last","JLPT JLPT_5 JLPT_N5","i$lVvl^Y,~","năm trước năm ngoái"
"大人","おとな","adult","Genki Genki_Ln.13 JLPT JLPT_5 JLPT_N5","F~j9Wag0^x","người lớn"
"お腹","おなか","stomach","JLPT JLPT_3 JLPT_5 JLPT_N5","GVf+XC=Lx4","cái bụng"
"同じ","おなじ","same, identical","Genki Genki_Ln.14 Intermediate_Japanese Intermediate_Japanese_Ln.1 JLPT JLPT_5 JLPT_N5","FT1U+`d~$u","giống nhau, giống hệt nhau"
"お兄さん","おにいさん","(someone else's) older brother (formal)","Genki Genki_Ln.1 Genki_Ln.7 Intermediate_Japanese Intermediate_Japanese_Ln.4 JLPT JLPT_5 JLPT_N5","c-e]c9shpL","anh trai (của người khác) (trang trọng)"
"お姉さん","おねえさん","older sister (formal)","Genki Genki_Ln.1 Genki_Ln.7 JLPT JLPT_5 JLPT_N5","Q,2s6~F,9F","chị gái (trang trọng)"
"伯母さん; 叔母さん","おばさん","aunt","JLPT JLPT_5 JLPT_N5","fk]_fvvw.h","dì"
"おばあさん","おばあさん","grandmother, female senior-citizen","Genki Genki_Ln.6 JLPT JLPT_5 JLPT_N5","K7L64Zdx7D","bà ngoại, nữ công dân cao tuổi"
"お風呂","おふろ","a bath","JLPT_N5","btJ^oH!>Ob","một bồn tắm"
"お弁当","おべんとう","a boxed lunch","Genki Genki_Ln.9 JLPT JLPT_5 JLPT_N5","ou=Mxez95b","một bữa trưa đóng hộp"
"覚える","おぼえる","to learn, to commit to memory, to remember, to memorize","Intermediate_Japanese Intermediate_Japanese_Ln.2 JLPT JLPT_5 JLPT_N5","k*NiP6Je8n","học, ghi nhớ, ghi nhớ, ghi nhớ"
"おまわりさん","おまわりさん","policeman (friendly term)","JLPT JLPT_5 JLPT_N5","kI/erxg?st","cảnh sát (thuật ngữ thân thiện)"
"重い","おもい","heavy; serious","Genki Genki_Ln.20 JLPT JLPT_3 JLPT_5 JLPT_N5","n(}tZ@Uv29","nặng; nghiêm trọng"
"面白い","おもしろい","interesting, amusing","Genki Genki_Ln.5 Intermediate_Japanese Intermediate_Japanese_Ln.4 JLPT JLPT_5 JLPT_N5","J&$%9x,#?>","thú vị, thú vị"
"泳ぐ","およぐ","to swim","Genki Genki_Ln.5 JLPT JLPT_5 JLPT_N5","bxmTHH/R3s","bơi lội"
"降りる","おりる","to get off","JLPT JLPT_3 JLPT_5 JLPT_N5","hM4FhZWg_/","xuống xe"
"終る","おわる","to finish, to close","JLPT JLPT_5 JLPT_N5","D_J6!H@vf*","kết thúc, kết thúc"
"音楽","おんがく","Music","Genki Genki_Ln.3 Intermediate_Japanese Intermediate_Japanese_Ln.3 JLPT JLPT_5 JLPT_N5","fcOO[?V993","Âm nhạc"
"女","おんな","woman, female","Genki Genki_Ln.17 JLPT JLPT_5 JLPT_N5","d3!7^Z7+&i","phụ nữ, nữ"
"女の子","おんなのこ","girl","Genki Genki_Ln.11 JLPT JLPT_5 JLPT_N5","n^ma[3kYmi","con gái"
"～回","～かい","counter for occurrences (~ times)","JLPT JLPT_1 JLPT_5 JLPT_N5","dwW`SX||PF","bộ đếm số lần xuất hiện (~ lần)"
"～階","～かい","counter for stories (floors) of a building","JLPT JLPT_4 JLPT_5 JLPT_N5","x]4mRhDP?0","quầy đếm tầng (tầng) của tòa nhà"
"外国","がいこく","foreign country; abroad","Genki Genki_Ln.11 Intermediate_Japanese Intermediate_Japanese_Ln.6 JLPT JLPT_5 JLPT_N5","K:<1s^}$O$","nước ngoài; ở nước ngoài"
"外国人","がいこくじん","foreigner","Genki Genki_Ln.15 JLPT JLPT_5 JLPT_N5","mxObbkK7.-","người nước ngoài"
"会社","かいしゃ","company, corporation","Genki Genki_Ln.7 JLPT JLPT_5 JLPT_N5","owc{ezB4?4","công ty, tập đoàn"
"階段","かいだん","stairs","JLPT JLPT_5 JLPT_N5","ui<=#{,<U^","cầu thang"
"買い物","かいもの","shopping","Genki Genki_Ln.4 JLPT JLPT_5 JLPT_N5","uV:`-T%Eq~","mua sắm"
"買う","かう","to buy","JLPT JLPT_3 JLPT_5 JLPT_N5","Q.3jlQZyvW","mua"
"返す","かえす","to return something","JLPT JLPT_3 JLPT_5 JLPT_N5","b+[+YOY+dv","trả lại cái gì đó"
"帰る","かえる","to go back, to go home, to return","Intermediate_Japanese Intermediate_Japanese_Ln.1 JLPT JLPT_3 JLPT_5 JLPT_N5","HBCAN.he?j","trở về, về nhà, trở về"
"顔","かお","face (body part)","Genki Genki_Ln.10 Intermediate_Japanese Intermediate_Japanese_Ln.2 JLPT JLPT_3 JLPT_5 JLPT_N5","MGLL{4`mK@","khuôn mặt (bộ phận cơ thể)"
"かかる","かかる","it takes (amount of time, money) (v.i.)","Genki Genki_Ln.10 Intermediate_Japanese Intermediate_Japanese_Ln.1 JLPT JLPT_3 JLPT_5 JLPT_N5","yajlZ<1W@=","phải mất (lượng thời gian, tiền bạc) (v.i.)"
"鍵","かぎ","a lock; a key","Genki Genki_Ln.17 JLPT JLPT_3 JLPT_5 JLPT_N5","CBifo1C?=d","một cái khóa; một chiếc chìa khóa"
"書く","かく","to write","JLPT JLPT_3 JLPT_5 JLPT_N5","ytOa}oy+zO","viết"
"学生","がくせい","student","Genki Genki_Ln.1 JLPT JLPT_5 JLPT_N5","JC,(K4dD==","học sinh"
"～か月","～かげつ","(number of) months","JLPT JLPT_5 JLPT_N5","p^^qFJHF)[","(số) tháng"
"掛ける","かける","to put on (e.g., glasses); to hang (e.g., on a wall)","JLPT JLPT_3 JLPT_4 JLPT_5 JLPT_N5","J@I.fZoEvE","đeo vào (ví dụ: kính); treo (ví dụ: trên tường)"
"かける","かける","to dial/call (e.g., phone); to sit down","Genki Genki_Ln.19 JLPT JLPT_3 JLPT_4 JLPT_5 JLPT_N5","j[@hZ&;%2u","để quay số/gọi (ví dụ: điện thoại); ngồi xuống"
"傘","かさ","umbrella, parasol","Genki Genki_Ln.2 JLPT JLPT_5 JLPT_N5","p_LV=Cf?pc","ô, dù che nắng"
"貸す","かす","to lend","Intermediate_Japanese Intermediate_Japanese_Ln.3 JLPT JLPT_5 JLPT_N5","yag&XA]F86","cho vay"
"風","かぜ","wind, breeze","Genki Genki_Ln.22 JLPT JLPT_5 JLPT_N5","wPz(SGuAqF","gió, gió nhẹ"
"風邪","かぜ","cold, flu","Genki Genki_Ln.12 JLPT JLPT_5 JLPT_N5","G#zadB[Bd,","cảm lạnh, cúm"
"方","かた","-- honorific form for 人 (ひと) --; way of doing","Intermediate_Japanese Intermediate_Japanese_Ln.4 JLPT JLPT_3 JLPT_4 JLPT_5 JLPT_N5","GtdTiap.Os","-- dạng kính ngữ của 人 (ひと) --; cách làm"
"家族","かぞく","family, members of a family","Genki Genki_Ln.7 Intermediate_Japanese Intermediate_Japanese_Ln.1 JLPT JLPT_5 JLPT_N5","jwBW:Yf?[N","gia đình, các thành viên trong gia đình"
"片仮名","かたかな","katakana","JLPT JLPT_5 JLPT_N5","y%B]18.T{|","katakana"
"～月","～がつ","month of year","JLPT JLPT_5 JLPT_N5","x[qBqm:mer","tháng trong năm"
"学校","がっこう","a school","Genki Genki_Ln.3 JLPT JLPT_5 JLPT_N5","jMUlk]n4bL","một trường học"
"カップ","カップ","cup","JLPT JLPT_1 JLPT_5 JLPT_N5","N>J.3DDIIf","tách"
"家庭","かてい","home; family","Intermediate_Japanese Intermediate_Japanese_Ln.3 JLPT JLPT_3 JLPT_5 JLPT_N5","K=/LkA^bE5","trang chủ; gia đình"
"角","かど","corner (e.g., desk, pavement)","Genki Genki_Ln.20 JLPT JLPT_5 JLPT_N5","NblB:vgsi`","góc (ví dụ: bàn, vỉa hè)"
"かばん","かばん","bag, basket","Genki Genki_Ln.2 JLPT JLPT_5 JLPT_N5","M4T~@ehWYB","túi, giỏ"
"花瓶","かびん","(flower) vase","JLPT JLPT_5 JLPT_N5","m<:4xC~U|%","(hoa) bình"
"かぶる","かぶる","to wear, to put on (e.g., a hat on the head)","Genki Genki_Ln.7 JLPT JLPT_3 JLPT_5 JLPT_N5","v~,/++9.ks","đội, đội (ví dụ: đội mũ trên đầu)"
"紙","かみ","paper","Genki Genki_Ln.17 JLPT JLPT_3 JLPT_5 JLPT_N5","BZj5w]P?W@","giấy"
"カメラ","カメラ","camera","Genki Genki_Ln.8 JLPT JLPT_5 JLPT_N5","m@gkXGnk1!","máy ảnh"
"火曜日","かようび","Tuesday","Genki Genki_Ln.4 JLPT JLPT_5 JLPT_N5","rx9;D%FE+1","Thứ ba"
"辛い","からい","hot and spicy; salty","Genki Genki_Ln.13 JLPT JLPT_5 JLPT_N5","EjaGe<]5<&","nóng và cay; mặn"
"体","からだ","body; health","Genki Genki_Ln.23 Intermediate_Japanese Intermediate_Japanese_Ln.4 JLPT JLPT_5 JLPT_N5","x=d[R_7msH","thân hình; sức khỏe"
"借りる","かりる","to borrow, to owe","JLPT JLPT_5 JLPT_N5","EV_.CiOUqY","mượn, nợ"
"～がる","～がる","feel","JLPT JLPT_5 JLPT_N5","e--3P:#0au","cảm thấy"
"軽い","かるい","light, non-serious, minor","JLPT JLPT_5 JLPT_N5","Q?,F=N/]i*","nhẹ, không nghiêm trọng, nhỏ"
"カレー","カレー","curry (abbr. for curry and rice)","Genki Genki_Ln.13 JLPT JLPT_1 JLPT_5 JLPT_N5","l)iLA}_6t!","cà ri (viết tắt của cà ri và cơm)"
"カレンダー","カレンダー","calendar","JLPT JLPT_5 JLPT_N5","H,vNs@Ml~$","lịch"
"川; 河","かわ","river","JLPT JLPT_3 JLPT_5 JLPT_N5","QzV_(D2VAO","dòng sông"
"～側","～がわ","~ side","JLPT_N5","ks2wGx4U0-","~ bên"
"可愛い","かわいい","cute, adorable","JLPT JLPT_5 JLPT_N5","cM$xbG,Do&","dễ thương, đáng yêu"
"漢字","かんじ","kanji; Chinese character","Genki Genki_Ln.6 Intermediate_Japanese Intermediate_Japanese_Ln.4 JLPT JLPT_3 JLPT_5 JLPT_N5","yx;[,(ZC<M","chữ Hán; ký tự trung quốc"
"木","き","tree, wood, timber","Genki Genki_Ln.22 JLPT JLPT_5 JLPT_N5","Pt,~h2%O9J","cây, gỗ, gỗ"
"黄色","きいろ","yellow","JLPT JLPT_5 JLPT_N5","c$:@4*e3c*","màu vàng"
"黄色い","きいろい","yellow","JLPT JLPT_5 JLPT_N5","yw~rIwG)7I","màu vàng"
"消える","きえる","to vanish, to disappear","Genki Genki_Ln.18 JLPT JLPT_5 JLPT_N5","Hl(tY84I}b","biến mất, biến mất"
"聞く","きく","to hear, to listen, to ask","JLPT JLPT_3 JLPT_5 JLPT_N5","CbCe+?lSS(","nghe, nghe, hỏi"
"北","きた","north","Intermediate_Japanese Intermediate_Japanese_Ln.10 JLPT JLPT_5 JLPT_N5","c_4*(T~qY|","phía bắc"
"ギター","ギター","guitar","Genki Genki_Ln.9 JLPT JLPT_5 JLPT_N5","gl.RMMgxvn","đàn ghi-ta"
"汚い","きたない","dirty, unclean, filthy","Genki Genki_Ln.16 JLPT JLPT_5 JLPT_N5","gA&c1.)X%=","bẩn thỉu, ô uế, bẩn thỉu"
"喫茶店","きっさてん","café","Genki Genki_Ln.2 Intermediate_Japanese Intermediate_Japanese_Ln.11 JLPT JLPT_5 JLPT_N5","b3?(}lhy[4","quán cà phê"
"切手","きって","postal (postage) stamps","Genki Genki_Ln.5 Intermediate_Japanese Intermediate_Japanese_Ln.3 JLPT JLPT_5 JLPT_N5","GZ2eU+7^)f","tem bưu chính (bưu chính)"
"切符","きっぷ","a ticket","Genki Genki_Ln.5 Intermediate_Japanese Intermediate_Japanese_Ln.10 JLPT JLPT_5 JLPT_N5","i@ntG+Gt0l","một tấm vé"
"昨日","きのう","yesterday","Genki Genki_Ln.4 JLPT JLPT_3 JLPT_5 JLPT_N5","mMKJxv#,<s","Hôm qua"
"九","きゅう","nine","JLPT JLPT_3 JLPT_5 JLPT_N5","PCz+i!/c^t","chín"
"牛肉","ぎゅうにく","beef","JLPT JLPT_5 JLPT_N5","HN>QIS,sa)","thịt bò"
"牛乳","ぎゅうにゅう","milk","Genki Genki_Ln.18 JLPT JLPT_5 JLPT_N5","fkn+n(t~hl","sữa"
"今日","きょう","today, this day","Genki Genki_Ln.3 JLPT JLPT_5 JLPT_N5","bCP{!%CS>.","hôm nay, ngày này"
"教室","きょうしつ","classroom","Intermediate_Japanese Intermediate_Japanese_Ln.3 JLPT JLPT_5 JLPT_N5","jd>*%:rgPV","lớp học"
"兄弟","きょうだい","siblings (humble), brothers and sisters","Genki Genki_Ln.7 JLPT JLPT_5 JLPT_N5","tg~Kr0A/Mn","anh chị em (khiêm tốn), anh chị em"
"去年","きょねん","last year","Genki Genki_Ln.14 Intermediate_Japanese Intermediate_Japanese_Ln.1 JLPT JLPT_5 JLPT_N5","zrXmT>AI2s","năm ngoái"
"嫌い","きらい","dislike","JLPT JLPT_5 JLPT_N5","qw1}y,Um4C","không thích"
"切る","きる","to cut; to hang up (a phone)","Genki Genki_Ln.8 Intermediate_Japanese Intermediate_Japanese_Ln.12 JLPT JLPT_5 JLPT_N5","A;e]B2v]77","cắt; cúp máy (điện thoại)"
"着る","きる","to put on (clothes above your waist); to wear","Genki Genki_Ln.7 Intermediate_Japanese Intermediate_Japanese_Ln.9 JLPT JLPT_5 JLPT_N5","g$-Eqb.V#N","mặc (quần áo phía trên thắt lưng); mặc"
"綺麗","きれい","pretty, clean, tidy","JLPT JLPT_5 JLPT_N5","y:f/R>36c4","xinh xắn, sạch sẽ, ngăn nắp"
"キロ; キログラム","キロ; キログラム","(abbr.) kilo (kilogram)","JLPT JLPT_3 JLPT_5 JLPT_N5","v,MI,fa=Pd","(viết tắt) kilo (kg)"
"キロ; キロメートル","キロ; キロメートル","(abbr.) kilo (kilometer)","JLPT JLPT_3 JLPT_5 JLPT_N5","I+%u|o<M9)","(viết tắt) kilo (km)"
"銀行","ぎんこう","bank","Genki Genki_Ln.2 JLPT JLPT_5 JLPT_N5","dJzM6E^Crr","ngân hàng"
"金曜日","きんようび","Friday","Genki Genki_Ln.4 JLPT JLPT_3 JLPT_5 JLPT_N5","H)-<3>G;wq","Thứ sáu"
"九","く","nine","JLPT JLPT_3 JLPT_5 JLPT_N5","J.@??p5!Es","chín"
"薬","くすり","medicine","Genki Genki_Ln.9 Intermediate_Japanese Intermediate_Japanese_Ln.12 JLPT JLPT_5 JLPT_N5","e<qA>@afcN","thuốc"
"下さい","ください","(with te-form verb) please do for me","JLPT JLPT_5 JLPT_N5","wZXS53y~A","(với động từ thể te) làm ơn giúp tôi"
"果物","くだもの","fruit","Intermediate_Japanese Intermediate_Japanese_Ln.9 JLPT JLPT_5 JLPT_N5","ff8}}%,}l0","hoa quả"
"口","くち","job opening; mouth","Intermediate_Japanese Intermediate_Japanese_Ln.11 Intermediate_Japanese_Ln.8 JLPT JLPT_5 JLPT_N5","ODcS@5Ag5;","mở việc làm; miệng"
"靴","くつ","shoes, footwear","Genki Genki_Ln.2 JLPT JLPT_5 JLPT_N5","n}XPqtAFrb","giày dép"
"靴下","くつした","socks","Genki Genki_Ln.23 JLPT JLPT_5 JLPT_N5","m{wv6,~qH4","vớ"
"国","くに","country; place of origin","Genki Genki_Ln.7 JLPT JLPT_5 JLPT_N5","qu43})1T{b","quốc gia; nơi xuất xứ"
"曇り","くもり","cloudiness, cloudy weather","Genki Genki_Ln.12 JLPT JLPT_3 JLPT_5 JLPT_N5","J%t?_,0ZZ)","trời nhiều mây, trời nhiều mây"
"曇る","くもる","to become cloudy, to become dim","JLPT JLPT_5 JLPT_N5","h68<#-5u4*","trở nên u ám, trở nên mờ mịt"
"暗い","くらい","dark, gloomy","JLPT JLPT_3 JLPT_5 JLPT_N5","l[W6inIL/c","tối tăm, ảm đạm"
"～くらい; ぐらい","～くらい; ぐらい","approximate (quantity)","JLPT JLPT_5 JLPT_N5","i|aE4l1U6h","xấp xỉ (số lượng)"
"クラス","クラス","a class","Genki Genki_Ln.4 JLPT JLPT_5 JLPT_N5","I|[#&/BoM*","một lớp học"
"グラム","グラム","gram","JLPT JLPT_5 JLPT_N5","wf@~Kdx9Mo","gram"
"来る","くる","to come","JLPT JLPT_5 JLPT_N5","t8%I(!NKuq","đến"
"車","くるま","car, vehicle","Genki Genki_Ln.7 JLPT JLPT_5 JLPT_N5","Dp50G3U@L=","xe hơi, xe cộ"
"黒","くろ","black","JLPT JLPT_5 JLPT_N5","eM3bqzySWE","đen"
"黒い","くろい","black; dark","Genki Genki_Ln.9 JLPT JLPT_5 JLPT_N5","y`TB7E}KvC","đen; tối tăm"
"警官","けいかん","police officer","JLPT JLPT_5 JLPT_N5","r|k<lg[-^X","sĩ quan cảnh sát"
"今朝","けさ","this morning","Genki Genki_Ln.8 Intermediate_Japanese Intermediate_Japanese_Ln.2 JLPT JLPT_5 JLPT_N5","Ojh!YT%>_O","sáng nay"
"消す","けす","to erase, to delete, to turn off power","JLPT JLPT_5 JLPT_N5","kyBQ8>]kOz","xóa, xóa, tắt nguồn"
"結構","けっこう","splendid; enough, tolerably","JLPT JLPT_3 JLPT_5 JLPT_N5","OhYc[d+;sX","lộng lẫy; đủ, có thể chấp nhận được"
"結婚","けっこん (する)","marriage (get married)","JLPT JLPT_5 JLPT_N5","yoFb9mQ>xx","kết hôn (kết hôn)"
"月曜日","げつようび","Monday","Genki Genki_Ln.4 JLPT JLPT_3 JLPT_5 JLPT_N5","py]#+qmS;#","Thứ hai"
"玄関","げんかん","entrance (to a house or a building)","Intermediate_Japanese Intermediate_Japanese_Ln.5 JLPT JLPT_4 JLPT_5 JLPT_N5","nzna3U1d%4","lối vào (vào một ngôi nhà hoặc một tòa nhà)"
"元気","げんき","health(y), energetic","JLPT JLPT_5 JLPT_N5","C6oDoveAM%","sức khỏe(y), tràn đầy năng lượng"
"～個","～こ","counter for small items (e.g., fruits, cups)","JLPT JLPT_2 JLPT_5 JLPT_N5","L)v,!KJ|+1","quầy dành cho các vật dụng nhỏ (ví dụ: trái cây, cốc)"
"五","ご","five","JLPT JLPT_3 JLPT_5 JLPT_N5","CPX]&C<[AA","năm"
"～語","～ご","word, language","JLPT JLPT_5 JLPT_N5","OS-NJNma:q","từ, ngôn ngữ"
"公園","こうえん","a park","Genki Genki_Ln.4 JLPT JLPT_3 JLPT_5 JLPT_N5","I!nU=ub,Sv","một công viên"
"交差点","こうさてん","intersection","JLPT JLPT_5 JLPT_N5","fB2Ek#M/vd","ngã tư"
"紅茶","こうちゃ","black tea","Genki Genki_Ln.13 JLPT JLPT_5 JLPT_N5","k->[;qN`>7","trà đen"
"交番","こうばん","police box","JLPT JLPT_5 JLPT_N5","Opg/[%q+N8","đồn cảnh sát"
"声","こえ","voice","Intermediate_Japanese Intermediate_Japanese_Ln.2 JLPT JLPT_5 JLPT_N5","In/Jo>[]?<","tiếng nói"
"コート","コート","coat; court (e.g., tennis)","JLPT JLPT_5 JLPT_N5","e4scbA,t~J","áo choàng; sân (ví dụ: quần vợt)"
"コーヒー","コーヒー","coffee","Genki Genki_Ln.3 JLPT JLPT_5 JLPT_N5","d<P1^SSa-:","cà phê"
"ここ","ここ","here, this place","Genki Genki_Ln.4 JLPT JLPT_3 JLPT_5 JLPT_N5","Lq)wtpkam*","ở đây, nơi này"
"午後","ごご","afternoon, P.M.","Genki Genki_Ln.1 JLPT JLPT_5 JLPT_N5","C_ZC&#?>G!","buổi chiều, chiều"
"九日","ここのか","nine days; ninth day of the month","Genki Genki_Ln.13 JLPT JLPT_5 JLPT_N5","l7hYJ[~^44","chín ngày; ngày thứ chín của tháng"
"九つ","ここのつ","nine things","Genki Genki_Ln.9 JLPT JLPT_5 JLPT_N5","DvF}1X8pH=","chín điều"
"午前","ごぜん","morning, A.M.","Genki Genki_Ln.1 JLPT JLPT_5 JLPT_N5","ue~BwANA9n","buổi sáng, A.M."
"答える","こたえる","to answer, to reply","JLPT JLPT_5 JLPT_N5","x<$h-)|1km","để trả lời, để trả lời"
"こちら","こちら","this person (polite); this way (polite)","Genki Genki_Ln.11 Genki_Ln.19 JLPT JLPT_5 JLPT_N5","A^:pzWeFGD","người này (lịch sự); lối này (lịch sự)"
"こっち","こっち","this person; this direction; this side","JLPT JLPT_4 JLPT_5 JLPT_N5","KZ(~KRGBCG","người này; hướng này; bên này"
"コップ","コップ","a tumbler; a glass","Genki Genki_Ln.14 JLPT JLPT_5 JLPT_N5","fS_r5k@$Y6","một cái cốc; một cái ly"
"今年","ことし","this year","Genki Genki_Ln.10 JLPT JLPT_5 JLPT_N5","F4V9w7@Age","năm nay"
"言葉","ことば","language; word(s); expression(s)","Genki Genki_Ln.13 Intermediate_Japanese Intermediate_Japanese_Ln.2 JLPT JLPT_5 JLPT_N5","EWtR7eO/R4","ngôn ngữ; từ); (các) biểu thức"
"子供","こども","child(ren)","Genki Genki_Ln.4 Intermediate_Japanese Intermediate_Japanese_Ln.2 JLPT JLPT_5 JLPT_N5","CU[{wZ(D{$","những đứa trẻ)"
"この","この","this","JLPT JLPT_3 JLPT_5 JLPT_N5","pPsd:zD9O?","cái này"
"御飯","ごはん","rice (cooked); meal","Genki Genki_Ln.4 JLPT JLPT_5 JLPT_N5","biiyLkNokP","cơm (nấu chín); bữa ăn"
"コピーする","コピーする","to copy","JLPT JLPT_3 JLPT_5 JLPT_N5","pIfdJ-gQ=x","sao chép"
"困る","こまる","to be bothered, to have difficulty","Genki Genki_Ln.16 JLPT JLPT_5 JLPT_N5","QJ1l#P3oS5","bị làm phiền, gặp khó khăn"
"これ","これ","this one","Genki Genki_Ln.2 JLPT JLPT_5 JLPT_N5","CY7%/#&PC;","cái này"
"～ころ; ～ごろ","～ころ; ～ごろ","about, toward, approximately (time)","JLPT JLPT_5 JLPT_N5","ygFZGug3gm","khoảng, hướng tới, khoảng (thời gian)"
"今月","こんげつ","this month","Genki Genki_Ln.8 JLPT JLPT_5 JLPT_N5","m1R02~~j[","tháng này"
"今週","こんしゅう","this week","Genki Genki_Ln.6 JLPT JLPT_5 JLPT_N5","DK9g?(!36`","tuần này"
"こんな","こんな","such, like this","JLPT JLPT_5 JLPT_N5","DuEU98EMih","như vậy, như thế này"
"今晩","こんばん","tonight, this evening","Genki Genki_Ln.3 Intermediate_Japanese Intermediate_Japanese_Ln.1 JLPT JLPT_5 JLPT_N5","F3};?W>+5Y","tối nay, tối nay"
"さあ","さあ","come now, well","JLPT JLPT_5 JLPT_N5","Ag`@=t><OI","đến bây giờ nhé"
"～歳","～さい","~ years old","JLPT JLPT_2 JLPT_5 JLPT_N5","yIt4LQzbb!","~ tuổi"
"財布","さいふ","wallet","Genki Genki_Ln.2 Intermediate_Japanese Intermediate_Japanese_Ln.4 JLPT JLPT_5 JLPT_N5","xwbRMO4c<;","cái ví"
"魚","さかな","fish","Genki Genki_Ln.2 JLPT JLPT_5 JLPT_N5","zzI@?Uq@Z[","cá"
"先","さき","future; recent, previous","JLPT JLPT_5 JLPT_N5","tGm0X7=@hF","tương lai; gần đây, trước đó"
"咲く","さく","to bloom","Genki Genki_Ln.18 JLPT JLPT_3 JLPT_5 JLPT_N5","F>Pt~gStbR","nở hoa"
"作文","さくぶん","essay; composition","Genki Genki_Ln.9 JLPT JLPT_5 JLPT_N5","fOn$od$Eoc","tiểu luận; thành phần"
"差す","さす","to raise (stretch out) hands, to raise (e.g., umbrella)","JLPT JLPT_3 JLPT_5 JLPT_N5","b|c|&{UKxH","giơ (duỗi) tay, giơ (ví dụ: ô)"
"～冊","～さつ","counter for books","JLPT JLPT_5 JLPT_N5","DJ:3n{-XN%","quầy sách"
"雑誌","ざっし","magazine, journal","Genki Genki_Ln.3 Intermediate_Japanese Intermediate_Japanese_Ln.8 JLPT JLPT_5 JLPT_N5","gVzfIhXfBF","tạp chí, tạp chí"
"砂糖","さとう","sugar","Genki Genki_Ln.16 JLPT JLPT_5 JLPT_N5","M]8mQGX#}E","đường"
"寒い","さむい","cold (in reference to weather)","Genki Genki_Ln.5 Intermediate_Japanese Intermediate_Japanese_Ln.2 JLPT JLPT_5 JLPT_N5","x@[mMxA?Z}","lạnh (liên quan đến thời tiết)"
"さ来年","さらいねん","year after next","JLPT JLPT_5 JLPT_N5","C4/Z2oi:V>","năm này qua năm khác"
"～さん","～さん","Mr. ~, Ms. ~","JLPT JLPT_2 JLPT_5 JLPT_N5","i|L#.MVmNG","Ông ~, Bà ~"
"三","さん","three","JLPT JLPT_5 JLPT_N5","jB}%X}YQ)P","ba"
"散歩","さんぽ (する)","walk, stroll","JLPT JLPT_3 JLPT_5 JLPT_N5","C7E%FY>8|T","đi bộ, tản bộ"
"四","し","four","JLPT JLPT_3 JLPT_5 JLPT_N5","q%G#*K^0R+","bốn"
"～時","～じ","~ o'clock (time)","JLPT JLPT_1 JLPT_5 JLPT_N5","m]7PVW-h[^","~ giờ (giờ)"
"塩","しお","salt","JLPT JLPT_5 JLPT_N5","mQXb>=tTk}","muối"
"しかし","しかし","however; but","Intermediate_Japanese Intermediate_Japanese_Ln.3 JLPT JLPT_5 JLPT_N5","g2(en9wt=#","Tuy nhiên; Nhưng"
"時間","じかん","time","Genki Genki_Ln.14 JLPT JLPT_2 JLPT_5 JLPT_N5","rl<d#jP#zf","thời gian"
"～時間","～じかん","~ hours","JLPT JLPT_5 JLPT_N5","PfD-$$uDhD","~ giờ"
"仕事","しごと","work, job, occupation, employment","Genki Genki_Ln.1 Genki_Ln.8 JLPT JLPT_5 JLPT_N5","BpR$XStq*~","công việc, việc làm, nghề nghiệp, việc làm"
"辞書","じしょ","dictionary","Genki Genki_Ln.2 JLPT JLPT_5 JLPT_N5","Ls?+XP<x!7","từ điển"
"静か","しずか","quiet, calm","JLPT JLPT_5 JLPT_N5","P>BDZl[pK4","yên tĩnh, bình tĩnh"
"下","した","under, below, beneath","JLPT JLPT_3 JLPT_5 JLPT_N5","j8V7%&V*V9","dưới, bên dưới, bên dưới"
"七","しち","seven","JLPT JLPT_3 JLPT_5 JLPT_N5","d9Ei.i(]l3","bảy"
"質問","しつもん","question, inquiry","Intermediate_Japanese Intermediate_Japanese_Ln.2 JLPT JLPT_5 JLPT_N5","hbG&tzjk([","câu hỏi, câu hỏi"
"自転車","じてんしゃ","bicycle","Genki Genki_Ln.2 JLPT JLPT_5 JLPT_N5","cQ/jE!IBMW","xe đạp"
"自動車","じどうしゃ","automobile","JLPT JLPT_5 JLPT_N5","s>B81r@vvP","ô tô"
"死ぬ","しぬ","to die","Genki Genki_Ln.6 JLPT JLPT_5 JLPT_N5","DTv8zMSE:A","chết"
"字引","じびき","dictionary","JLPT JLPT_5 JLPT_N5","q(KV,tLbs@","từ điển"
"自分","じぶん","myself, oneself","Genki Genki_Ln.17 Intermediate_Japanese Intermediate_Japanese_Ln.1 JLPT JLPT_5 JLPT_N5","PVgO:!yY%&","chính tôi, chính tôi"
"閉まる","しまる","to close, to be closed","JLPT JLPT_5 JLPT_N5","gcQz%z-FEM","đóng lại, đóng lại"
"閉める","しめる","to close, to shut","JLPT JLPT_3 JLPT_5 JLPT_N5","gf.^6?5[K1","đóng lại, đóng lại"
"締める","しめる","to tie, to fasten, to tighten","JLPT JLPT_3 JLPT_5 JLPT_N5","zslBUbe/:)","buộc, buộc, thắt chặt"
"じゃ; じゃあ","じゃ; じゃあ","well, well then","JLPT JLPT_3 JLPT_5 JLPT_N5","I*;H$6{i?j","ừ, vậy thì"
"写真","しゃしん","a picture; a photograph","Genki Genki_Ln.4 Intermediate_Japanese Intermediate_Japanese_Ln.4 JLPT JLPT_5 JLPT_N5","uE&XA7mYm9","một bức tranh; một bức ảnh"
"シャツ","シャツ","shirt","Genki Genki_Ln.10 JLPT JLPT_5 JLPT_N5","ubVcrQ$8%@","áo sơ mi"
"シャワー","シャワー","shower","JLPT JLPT_5 JLPT_N5","op46S^HFU7","vòi sen"
"十","じゅう","ten","JLPT JLPT_3 JLPT_5 JLPT_N5","t#RE}A*?;i","mười"
"～中","～じゅう","during, while","JLPT JLPT_2 JLPT_5 JLPT_N5","GjJjAMMc<N","trong khi, trong khi"
"～週間","～しゅうかん","~ weeks","JLPT JLPT_5 JLPT_N5","B5/n=cEC&j","~ tuần"
"授業","じゅぎょう","a class (of school)","Genki Genki_Ln.11 Intermediate_Japanese Intermediate_Japanese_Ln.3 JLPT JLPT_2 JLPT_5 JLPT_N5","In^9^.q{~0","một lớp học (của trường)"
"宿題","しゅくだい","homework","Genki Genki_Ln.5 Intermediate_Japanese Intermediate_Japanese_Ln.1 JLPT JLPT_5 JLPT_N5","PE;OT+iIoY","bài tập về nhà"
"上手","じょうず","be good at, skillful","JLPT JLPT_5 JLPT_N5","zE7uPe$TPk","giỏi, khéo léo"
"丈夫","じょうぶ","strong, solid, durable","JLPT JLPT_5 JLPT_N5","rzxPYrs,=L","mạnh mẽ, vững chắc, bền bỉ"
"醤油","しょうゆ","soy sauce","Genki Genki_Ln.18 JLPT JLPT_5 JLPT_N5","Cx=6Q3yGAf","nước tương"
"食堂","しょくどう","cafeteria, dining hall","Genki Genki_Ln.7 JLPT JLPT_5 JLPT_N5","q/e+PknS.X","quán cà phê, phòng ăn"
"知る","しる","to know, to understand","Genki Genki_Ln.7 JLPT JLPT_5 JLPT_N5","jmoS>4h`&Q","để biết, để hiểu"
"白","しろ","white","JLPT JLPT_3 JLPT_5 JLPT_N5","?4vV_taj)","trắng"
"白い","しろい","white","Genki Genki_Ln.9 JLPT JLPT_5 JLPT_N5","yL-#%FMe~@","trắng"
"～人","～じん","counter for people","JLPT JLPT_5 JLPT_N5","cRB`piJTT=","quầy cho người"
"新聞","しんぶん","newspaper","Genki Genki_Ln.2 JLPT JLPT_5 JLPT_N5","u)<uacY_Qa","báo"
"水曜日","すいようび","Wednesday","Genki Genki_Ln.4 JLPT JLPT_5 JLPT_N5","kl%)(*`5]a","Thứ Tư"
"吸う","すう","to breathe in, to suck","JLPT JLPT_3 JLPT_5 JLPT_N5","wwi3CXCv2|","hít vào, hút"
"スカート","スカート","skirt","Genki Genki_Ln.18 JLPT JLPT_5 JLPT_N5","NE$eFg+K&Y","váy ngắn"
"好き","すき","liking, fondness, love","JLPT JLPT_5 JLPT_N5","B}kz{&9>=0","sự thích, sự yêu thích, tình yêu"
"～すぎ","～すぎ","past; to exceed, ~ too much","JLPT JLPT_5 JLPT_N5","D/A*oT1;-^","quá khứ; vượt quá, ~ quá nhiều"
"少ない","すくない","a little; a few","Genki Genki_Ln.17 JLPT JLPT_5 JLPT_N5","O}E#|bt5>=","một chút; một vài"
"すぐに","すぐに","immediately, soon","JLPT JLPT_5 JLPT_N5","c+_z#9>We^","ngay lập tức, sớm"
"少し","すこし","little, few","Genki Genki_Ln.21 JLPT JLPT_5 JLPT_N5","LEWblI/l<)","ít, ít"
"涼しい","すずしい","cool, refreshing (in reference to weather)","Genki Genki_Ln.10 JLPT JLPT_5 JLPT_N5","y%0&)B2:*;","mát mẻ, sảng khoái (liên quan đến thời tiết)"
"～ずつ","～ずつ","at a time","JLPT JLPT_5 JLPT_N5","e7*dq)(1^5","tại một thời điểm"
"ストーブ","ストーブ","heater (lit: stove)","Genki Genki_Ln.17 JLPT JLPT_5 JLPT_N5","xw_f78(-:7","lò sưởi (sáng: bếp lò)"
"スプーン","スプーン","spoon","JLPT JLPT_5 JLPT_N5","FjQLk(n?P#","thìa"
"スポーツ","スポーツ","sport(s)","Genki Genki_Ln.3 JLPT JLPT_5 JLPT_N5","F^wO!?E%?^","(các) môn thể thao"
"ズボン","ズボン","trousers","JLPT JLPT_5 JLPT_N5","FU-<z{1,6(","quần dài"
"住む","すむ","to reside, to live in","JLPT JLPT_3 JLPT_5 JLPT_N5","ym>?}%jeF+","cư trú, sống ở"
"する","する","to do, to try; to wear small items (e.g., necktie, watch, etc.)","Genki Genki_Ln.17 JLPT JLPT_3 JLPT_5 JLPT_N5","LT|A_z,G+T","làm, cố gắng; đeo những món đồ nhỏ (ví dụ: cà vạt, đồng hồ, v.v.)"
"座る","すわる","to sit","JLPT JLPT_5 JLPT_N5","dn)bcr6wXa","ngồi"
"背","せい","(one's) height, stature","Intermediate_Japanese Intermediate_Japanese_Ln.4 JLPT JLPT_3 JLPT_5 JLPT_N5","xQDy{9R)S2","(của) chiều cao, tầm vóc"
"生徒","せいと","student; pupil","Intermediate_Japanese Intermediate_Japanese_Ln.5 JLPT JLPT_5 JLPT_N5","c2wTXo?)*o","học sinh; học sinh"
"セーター","セーター","sweater","Genki Genki_Ln.13 JLPT JLPT_5 JLPT_N5","NSeOhKH2D6","áo len"
"石鹸","せっけん","soap","JLPT JLPT_5 JLPT_N5","tY/1~r6Mz5","xà phòng"
"背広","せびろ","men's suit","Intermediate_Japanese Intermediate_Japanese_Ln.9 JLPT JLPT_5 JLPT_N5","w`:i7/YHYU","bộ đồ nam"
"狭い","せまい","narrow; not spacious","Genki Genki_Ln.12 Intermediate_Japanese Intermediate_Japanese_Ln.15 JLPT JLPT_5 JLPT_N5","yDZurM]5mn","chật hẹp; không rộng rãi"
"ゼロ","ゼロ","zero","JLPT JLPT_5 JLPT_N5","G~4~zg|xJJ","không"
"千","せん","thousand","JLPT JLPT_5 JLPT_N5","IvU;IZmo9!","nghìn"
"先月","せんげつ","last month","Genki Genki_Ln.9 Intermediate_Japanese Intermediate_Japanese_Ln.1 JLPT JLPT_5 JLPT_N5","RcD!zS6[>I","tháng trước"
"先週","せんしゅう","last week","Genki Genki_Ln.4 JLPT JLPT_5 JLPT_N5","EbyugR;^Rz","tuần trước"
"先生","せんせい","teacher, professor; master; doctor","Genki Genki_Ln.1 JLPT JLPT_5 JLPT_N5","A`19t`6J6t","giáo viên, giáo sư; bậc thầy; bác sĩ"
"洗濯","せんたく","washing, laundry","Intermediate_Japanese Intermediate_Japanese_Ln.11 JLPT JLPT_3 JLPT_5 JLPT_N5","vQ&mbAJqN7","giặt, giặt"
"全部","ぜんぶ","all, entire, whole","Genki Genki_Ln.13 Intermediate_Japanese Intermediate_Japanese_Ln.3 JLPT JLPT_5 JLPT_N5","MgJu@!Fk&_","tất cả, toàn bộ, toàn bộ"
"そう; そうです","そう; そうです","yes; appears, to be the case","JLPT JLPT_5 JLPT_N5","kkfDg[|_Yb","Đúng; appears, to be the case"
"掃除","そうじ (する)","cleaning, sweeping","JLPT JLPT_3 JLPT_5 JLPT_N5","LKKhbs9g8/","dọn dẹp, quét dọn"
"そうして; そして","そうして; そして","and, like that","JLPT JLPT_5 JLPT_N5","C/Lx0#`!+J","và, như thế"
"そこ","そこ","that place, there; bottom, sole","Genki Genki_Ln.4 JLPT JLPT_2 JLPT_3 JLPT_5 JLPT_N5","v56KFY.>v@","nơi đó, ở đó; đáy, đế"
"そちら","そちら","over there","JLPT JLPT_5 JLPT_N5","xbjis~A;+*","đằng kia"
"そっち","そっち","over there","JLPT JLPT_5 JLPT_N5","#PXdxM^5L","đằng kia"
"外","そと","outside, exterior","Genki Genki_Ln.18 Intermediate_Japanese Intermediate_Japanese_Ln.2 JLPT JLPT_5 JLPT_N5","AFB3>g85F]","bên ngoài, bên ngoài"
"その","その","that","JLPT JLPT_3 JLPT_5 JLPT_N5","C2OIF=[)E_","cái đó"
"そば","そば","near, close, beside; Japanese traditional buckwheat noodle","Genki Genki_Ln.15 JLPT JLPT_3 JLPT_5 JLPT_N5","M)]t*`<F@c","gần, gần, bên cạnh; Mì kiều mạch truyền thống Nhật Bản"
"空","そら","sky","JLPT JLPT_5 JLPT_N5","D.6b;1{88^","bầu trời"
"それ","それ","that one","Genki Genki_Ln.2 JLPT JLPT_3 JLPT_5 JLPT_N5","t%n)3@@XX+","cái đó"
"それから","それから","and then, after that","Intermediate_Japanese Intermediate_Japanese_Ln.1 JLPT JLPT_5 JLPT_N5","sV(hn]KLzr","và sau đó, sau đó"
"それでは","それでは","in that situation, well then...","JLPT JLPT_5 JLPT_N5","v[]T|jw&,[","trong hoàn cảnh đó thì..."
"～台","～だい","counter for vehicles; machines","JLPT JLPT_5 JLPT_N5","ztM0ejgNN~","quầy để xe; máy móc"
"大学","だいがく","college; university","Genki Genki_Ln.1 JLPT JLPT_5 JLPT_N5","kHyc<WfmUQ","trường cao đẳng; trường đại học"
"大使館","たいしかん","embassy","JLPT JLPT_5 JLPT_N5","n?Lz{tQ,#T","đại sứ quán"
"大丈夫","だいじょうぶ","It's ok (all right); No need to worry; Everything is under control","Genki Genki_Ln.5 Intermediate_Japanese Intermediate_Japanese_Ln.3 JLPT JLPT_5 JLPT_N5","nEIlSJfx#r","Không sao đâu (được rồi); Không cần phải lo lắng; Mọi thứ đều trong tầm kiểm soát"
"大好き","だいすき","very like-able, like very much","JLPT JLPT_5 JLPT_N5","AZ,CM~A,0E","rất thích-có thể, rất thích"
"大切","たいせつ","important","JLPT JLPT_5 JLPT_N5","tu70?MYeL5","quan trọng"
"台所","だいどころ","kitchen","JLPT JLPT_5 JLPT_N5","bbB25MOf:$","phòng bếp"
"大変","たいへん","very; difficult, hard","JLPT JLPT_3 JLPT_5 JLPT_N5","NIbD<|-[1y","rất; khó khăn, vất vả"
"高い","たかい","tall, high; expensive","Genki Genki_Ln.2 JLPT JLPT_5 JLPT_N5","veG&GbRNS(","cao, cao; đắt"
"～だけ","～だけ","only ~, just ~, as ~","JLPT JLPT_1 JLPT_5 JLPT_N5","Lcbr*3r3b5","chỉ ~, chỉ ~, như ~"
"沢山","たくさん","many, much","JLPT JLPT_5 JLPT_N5","v7m[:9zL*Y","nhiều, nhiều"
"タクシー","タクシー","taxi","JLPT JLPT_5 JLPT_N5","k8!n/<-@<9","Taxi"
"出す","だす","to take (something) out; to hand in (something)","Genki Genki_Ln.16 JLPT JLPT_5 JLPT_N5","bt0(EU(<V_","lấy (cái gì) ra; giao nộp (cái gì đó)"
"～たち","～たち","plural suffix","JLPT JLPT_5 JLPT_N5","Opbd!87m@p","hậu tố số nhiều"
"立つ","たつ","to stand up","Genki Genki_Ln.6 JLPT JLPT_3 JLPT_5 JLPT_N5","z+IsiLqO4K","đứng lên"
"たて","たて","length, height","JLPT JLPT_3 JLPT_5 JLPT_N5","L8wVt#MfRS","chiều dài, chiều cao"
"建物","たてもの","building","Intermediate_Japanese Intermediate_Japanese_Ln.5 JLPT JLPT_5 JLPT_N5","mty2M&KETp","xây dựng"
"楽しい","たのしい","enjoyable, fun","Genki Genki_Ln.5 JLPT JLPT_5 JLPT_N5","eD~FeZpJXC","thú vị, vui vẻ"
"頼む","たのむ","to request, to ask (a favor)","Genki Genki_Ln.18 Intermediate_Japanese Intermediate_Japanese_Ln.3 JLPT JLPT_5 JLPT_N5","zjk+2%xAp%","yêu cầu, yêu cầu (một ân huệ)"
"たばこ","たばこ","tobacco, cigarettes","JLPT JLPT_5 JLPT_N5","y<?W4xcfCN","thuốc lá, thuốc lá"
"多分","たぶん","perhaps, probably, maybe","Genki Genki_Ln.12 Intermediate_Japanese Intermediate_Japanese_Ln.2 JLPT JLPT_3 JLPT_5 JLPT_N5","pNDK+)ARo","có lẽ, có lẽ, có lẽ"
"食べ物","たべもの","food","Genki Genki_Ln.5 JLPT JLPT_5 JLPT_N5","ODKLC3jdI>","đồ ăn"
"食べる","たべる","to eat","JLPT JLPT_5 JLPT_N5","c.+pIV(7xY","ăn"
"卵","たまご","egg","Intermediate_Japanese Intermediate_Japanese_Ln.6 JLPT JLPT_5 JLPT_N5","c|(S)f_).K","trứng"
"誰","だれ","who","Genki Genki_Ln.2 JLPT JLPT_5 JLPT_N5","gDqm6J+#/O","Ai"
"誰か","だれか","someone","JLPT JLPT_3 JLPT_5 JLPT_N5","K{JPl*mB/&","người nào đó"
"誕生日","たんじょうび","birthday","Genki Genki_Ln.5 JLPT JLPT_5 JLPT_N5","HV8#h@HniT","sinh nhật"
"段々","だんだん","gradually, by degrees","JLPT JLPT_5 JLPT_N5","O8dRR}CL>","dần dần, theo mức độ"
"小さい","ちいさい","small, little","Genki Genki_Ln.5 JLPT JLPT_5 JLPT_N5","LNu9:vy!G1","nhỏ, nhỏ"
"小さな","ちいさな","small, little","JLPT JLPT_5 JLPT_N5","lc*~Cd~D@4","nhỏ, nhỏ"
"近い","ちかい","near, close by, short","Genki Genki_Ln.13 JLPT JLPT_5 JLPT_N5","ttC.1]n,0|","gần, gần, ngắn"
"違う","ちがう","to be different; to differ; wrong","Genki Genki_Ln.23 Intermediate_Japanese Intermediate_Japanese_Ln.1 JLPT JLPT_5 JLPT_N5","N2Hj9)qK/l","trở nên khác biệt; khác biệt; sai"
"近く","ちかく","nearby; in the neighborhood","Intermediate_Japanese Intermediate_Japanese_Ln.1 JLPT JLPT_5 JLPT_N5","y)Y*_^+)&<","gần đó; trong khu phố"
"地下鉄","ちかてつ","underground train, subway","Genki Genki_Ln.10 JLPT JLPT_5 JLPT_N5","MEsyrZ*cPc","tàu điện ngầm, tàu điện ngầm"
"地図","ちず","a map","Genki Genki_Ln.15 Intermediate_Japanese Intermediate_Japanese_Ln.12 JLPT JLPT_5 JLPT_N5","dhY*~Tx!fs","một bản đồ"
"父","ちち","(my) father","Genki Genki_Ln.7 JLPT JLPT_5 JLPT_N5","QKI#T(oT`t","(của tôi) bố"
"茶色","ちゃいろ","brown","JLPT JLPT_5 JLPT_N5","h<Se0W>cwB","màu nâu"
"茶碗","ちゃわん","rice bowl","JLPT JLPT_5 JLPT_N5","p6c8>jnMm!","bát cơm"
"～中","～ちゅう","during, while ~ing","JLPT JLPT_5 JLPT_N5","J]E)zcwU%w","trong khi, trong khi ~ing"
"丁度","ちょうど","just, right, exactly","JLPT JLPT_5 JLPT_N5","K@fxH}$AC8","đúng, đúng, chính xác"
"ちょっと","ちょっと","a little, somewhat; just a little, somewhat","Genki Genki_Ln.3 JLPT JLPT_2 JLPT_5 JLPT_N5","j)OcO!#[%u","một chút, phần nào; chỉ một chút, một chút"
"一日","ついたち","one day; first day of the month","JLPT JLPT_5 JLPT_N5","qK&D4iveg","một ngày; ngày đầu tiên của tháng"
"使う","つかう","to use","JLPT JLPT_5 JLPT_N5","B(Ve/L8[z5","sử dụng"
"疲れる","つかれる","to get (become) tired; to become fatigued","Genki Genki_Ln.11 Intermediate_Japanese Intermediate_Japanese_Ln.10 JLPT JLPT_5 JLPT_N5","Oil7l6nt$n","trở nên mệt mỏi; trở nên mệt mỏi"
"次","つぎ","next","Genki Genki_Ln.6 JLPT JLPT_5 JLPT_N5","IPls}w5_e-","Kế tiếp"
"着く","つく","to arrive at, to reach","JLPT JLPT_3 JLPT_5 JLPT_N5","hc-pfPX>PQ","đến, đạt được"
"机","つくえ","desk","Genki Genki_Ln.4 Intermediate_Japanese Intermediate_Japanese_Ln.10 JLPT JLPT_5 JLPT_N5","G!9kEn9Y>c","bàn làm việc"
"作る","つくる","to make, to create","Genki Genki_Ln.8 JLPT JLPT_5 JLPT_N5","dlanfH_M#M","làm, tạo ra"
"つける","つける","to turn on (e.g., a light); to take","JLPT JLPT_3 JLPT_4 JLPT_5 JLPT_N5","o}z*=/A8o~","để bật (ví dụ: đèn); lấy"
"勤める","つとめる","to work (for)","JLPT JLPT_5 JLPT_N5","xKU$$gsQPF","làm việc (cho)"
"つまらない","つまらない","boring, dull; insignificant","Genki Genki_Ln.5 JLPT JLPT_5 JLPT_N5","HL~a;+T`kY","nhàm chán, buồn tẻ; không đáng kể"
"冷たい","つめたい","cold (things, people)","Genki Genki_Ln.10 JLPT JLPT_5 JLPT_N5","v8vDEW[6Rh","lạnh (vật, người)"
"強い","つよい","strong, powerful","Genki Genki_Ln.17 Intermediate_Japanese Intermediate_Japanese_Ln.13 JLPT JLPT_5 JLPT_N5","d[wde~o@q(","mạnh mẽ, mạnh mẽ"
"手","て","hand","JLPT JLPT_5 JLPT_N5","CAHcCP96BY","tay"
"テープ","テープ","tape","Genki Genki_Ln.2 JLPT JLPT_5 JLPT_N5","H|,pBh(;BD","băng"
"テープレコーダー","テープレコーダー","tape recorder","JLPT JLPT_5 JLPT_N5","izd^3[1~Pe","máy ghi âm"
"テーブル","テーブル","table","JLPT JLPT_5 JLPT_N5","n-.M5OZr5!","bàn"
"出かける","でかける","to go out; to depart","Genki Genki_Ln.5 JLPT JLPT_5 JLPT_N5","Fx}b2N2gun","đi ra ngoài; khởi hành"
"手紙","てがみ","letter","Genki Genki_Ln.4 JLPT JLPT_5 JLPT_N5","M#PC#!OTka","thư"
"できる","できる","to be able to (to accomplish)","JLPT JLPT_3 JLPT_4 JLPT_5 JLPT_N5","vB~NGv+*>H","có thể (hoàn thành)"
"出口","でぐち","an exit","Intermediate_Japanese Intermediate_Japanese_Ln.7 JLPT JLPT_5 JLPT_N5","sv__368x5>","một lối thoát"
"テスト","テスト","test","Genki Genki_Ln.5 JLPT JLPT_5 JLPT_N5","Lhy<!{J6SG","Bài kiểm tra"
"では","では","then, well, so","JLPT JLPT_3 JLPT_5 JLPT_N5","NY{|SsdlKz","vậy thì, vậy thì"
"デパート","デパート","(abbr.) department store","Genki Genki_Ln.4 JLPT JLPT_5 JLPT_N5","rd.b%pP~B0","(viết tắt) cửa hàng bách hóa"
"でも","でも","but, however","JLPT JLPT_3 JLPT_5 JLPT_N5","izQ~3T7Pp}","nhưng, tuy nhiên"
"出る","でる","to appear, to leave","JLPT JLPT_5 JLPT_N5","A23ctPX1n^","xuất hiện, rời đi"
"テレビ","テレビ","television, TV","Genki Genki_Ln.3 JLPT JLPT_5 JLPT_N5","pQXZQB+G|d","truyền hình, truyền hình"
"天気","てんき","weather","Genki Genki_Ln.5 JLPT JLPT_5 JLPT_N5","vm1l+4c[9","thời tiết"
"電気","でんき","electricity, (electric) light","Genki Genki_Ln.6 JLPT JLPT_5 JLPT_N5","HsW5jIb;SC","điện, (điện) ánh sáng"
"電車","でんしゃ","electric train","Genki Genki_Ln.6 JLPT JLPT_5 JLPT_N5","e?+NxLTOv","tàu điện"
"電話","でんわ","a telephone","Genki Genki_Ln.1 JLPT JLPT_5 JLPT_N5","Q,geq&8^pJ","một chiếc điện thoại"
"戸","と","door (Japanese style)","JLPT JLPT_5 JLPT_N5","o.K?EMap~;","cửa (kiểu Nhật)"
"～度","～ど","counter for occurrences; ~ degree; ~ point","JLPT JLPT_1 JLPT_5 JLPT_N5","K9|0UgYaJ_","truy cập các lần xuất hiện; ~ bằng cấp; ~ điểm"
"ドア","ドア","door (Western style)","JLPT JLPT_5 JLPT_N5","l[rk}4@PVD","cửa (kiểu phương Tây)"
"トイレ","トイレ","bathroom; toilet","Intermediate_Japanese Intermediate_Japanese_Ln.10 JLPT JLPT_5 JLPT_N5","hv_ThfFsjj","phòng tắm; nhà vệ sinh"
"どう","どう","how, in what way","JLPT JLPT_5 JLPT_N5","FZt/a?Mnu^","như thế nào, bằng cách nào"
"どうして","どうして","why, for what reason","Genki Genki_Ln.4 JLPT JLPT_5 JLPT_N5","s<(2V@f6ff","tại sao, vì lý do gì"
"どうぞ","どうぞ","please, kindly, by all means","JLPT JLPT_5 JLPT_N5","CXiSJodxs@","làm ơn, vui lòng, bằng mọi cách"
"動物","どうぶつ","animal","Intermediate_Japanese Intermediate_Japanese_Ln.10 JLPT JLPT_5 JLPT_N5","Q~mPY;2upw","động vật"
"どうも","どうも","Thank you; somehow; no matter how hard one may try","Genki Genki_Ln.2 Intermediate_Japanese Intermediate_Japanese_Ln.1 JLPT JLPT_5 JLPT_N5","Maz]_B`w,4","Cảm ơn; bằng cách nào đó; cho dù người ta có thể cố gắng thế nào"
"十","(〜を) とお","ten (~)","Genki Genki_Ln.9 JLPT JLPT_3 JLPT_5 JLPT_N5","BjWdBTc)9!","mười (~)"
"遠い","とおい","far (away), distant","Genki Genki_Ln.21 JLPT JLPT_5 JLPT_N5","Jl9yYXnyJ<","xa (xa), xa xôi"
"十日","とおか","ten days; tenth day of the month","Genki Genki_Ln.13 JLPT JLPT_5 JLPT_N5","g[CNT&GA2[","mười ngày; ngày thứ mười của tháng"
"～時","～とき","at the time of ~","JLPT JLPT_3 JLPT_5 JLPT_N5","bGLp[lZC.;","vào thời điểm ~"
"時々","ときどき","sometimes","Genki Genki_Ln.3 JLPT JLPT_5 JLPT_N5","s+W64X?THZ","Thỉnh thoảng"
"時計","とけい","a watch; a clock","Genki Genki_Ln.2 Intermediate_Japanese Intermediate_Japanese_Ln.2 JLPT JLPT_5 JLPT_N5","u/fL<ne:Cb","một chiếc đồng hồ; một chiếc đồng hồ"
"どこ","どこ","where, what place","Genki Genki_Ln.2 JLPT JLPT_5 JLPT_N5","h_Fa6?Ps@9","ở đâu, nơi nào"
"所","ところ","place","Genki Genki_Ln.8 Intermediate_Japanese Intermediate_Japanese_Ln.1 JLPT JLPT_5 JLPT_N5","J`^6YmuA-0","địa điểm"
"年","とし","year, age","JLPT JLPT_3 JLPT_5 JLPT_N5","N=hcG9wG3;","năm, tuổi"
"図書館","としょかん","library","Genki Genki_Ln.2 Intermediate_Japanese Intermediate_Japanese_Ln.5 JLPT JLPT_5 JLPT_N5","mp0X0~7Y`^","thư viện"
"どちら","どちら","which (one) (way); where (polite)","Genki Genki_Ln.10 Genki_Ln.19 JLPT JLPT_5 JLPT_N5","pW(ud@AhIx","cái nào (một) (cách); ở đâu (lịch sự)"
"どっち","どっち","which one, which way","Genki Genki_Ln.10 JLPT JLPT_5 JLPT_N5","PxI,t`JQ.N","cái nào, đường nào"
"とても","とても","very (much), greatly, exceedingly","Genki Genki_Ln.5 Intermediate_Japanese Intermediate_Japanese_Ln.1 JLPT JLPT_3 JLPT_5 JLPT_N5","t]2-1h#)V/","rất (nhiều), vô cùng, cực kỳ"
"どなた","どなた","who","JLPT JLPT_5 JLPT_N5","Ll)TbcW$yb","Ai"
"隣","となり","next to, next door to","Intermediate_Japanese Intermediate_Japanese_Ln.1 JLPT JLPT_5 JLPT_N5","GigT2yQ[2E","bên cạnh, bên cạnh"
"どの","どの","which","JLPT JLPT_5 JLPT_N5","H+g1ci<Mvc","cái mà"
"飛ぶ","とぶ","to fly, to hop","JLPT JLPT_5 JLPT_N5","wLF5gUV](>","bay, nhảy"
"止まる","とまる","to come to a halt","JLPT JLPT_5 JLPT_N5","Q+OrrzleWd","dừng lại"
"友達","ともだち","friend","Genki Genki_Ln.1 Intermediate_Japanese Intermediate_Japanese_Ln.1 JLPT JLPT_5 JLPT_N5","E)w$/p&I#O","người bạn"
"土曜日","どようび","Saturday","Genki Genki_Ln.3 JLPT JLPT_3 JLPT_5 JLPT_N5","Q%+.*M.E9m","Thứ bảy"
"鳥","とり","chicken (lit., bird)","Intermediate_Japanese Intermediate_Japanese_Ln.6 JLPT JLPT_5 JLPT_N5","lc>;F##&%m","gà (lit., chim)"
"鶏肉","とりにく","chicken meat","JLPT JLPT_5 JLPT_N5","dL<c9&FvJF","thịt gà"
"取る","とる","to take (a class); to get (a grade)","Genki Genki_Ln.11 Intermediate_Japanese Intermediate_Japanese_Ln.1 JLPT JLPT_5 JLPT_N5","bLpD3ABv2g","tham gia (một lớp học); để có được (một điểm)"
"撮る","とる","to take (a photo), to make (a film)","JLPT JLPT_5 JLPT_N5","w7O/i=vkEI","chụp (ảnh), làm (phim)"
"どれ","どれ","which one","Genki Genki_Ln.2 JLPT JLPT_3 JLPT_5 JLPT_N5","icGG-;4x}M","cái nào"
"どんな","どんな","what, what kind of","JLPT JLPT_3 JLPT_5 JLPT_N5","PZ~[>!hd8m","cái gì, cái gì"
"ない","ない","there isn't, doesn't have","JLPT JLPT_5 JLPT_N5","I08@<2+DPk","không có, không có"
"ナイフ","ナイフ","knife","JLPT JLPT_5 JLPT_N5","domhg)5M&Q","dao"
"中","なか","inside, middle, among","JLPT JLPT_3 JLPT_5 JLPT_N5","rVjcK=lE15","bên trong, giữa, giữa"
"長い","ながい","long, lengthy","Genki Genki_Ln.7 Intermediate_Japanese Intermediate_Japanese_Ln.4 JLPT JLPT_2 JLPT_5 JLPT_N5","EHO`14{d-(","dài, dài"
"鳴く","なく","to make sound (animal)","JLPT JLPT_5 JLPT_N5","ivpv*G,Zm%","tạo ra âm thanh (động vật)"
"無くす","なくす","to lose something","JLPT JLPT_3 JLPT_5 JLPT_N5","dteDI+R~`W","mất cái gì đó"
"なぜ","なぜ","why (same as どうして)","Genki Genki_Ln.19 JLPT JLPT_5 JLPT_N5","Cvs*YiG5BD","tại sao (giống như どうして)"
"夏","なつ","summer","Genki Genki_Ln.8 Intermediate_Japanese Intermediate_Japanese_Ln.4 JLPT JLPT_5 JLPT_N5","P,[b8Eh|6R","mùa hè"
"夏休み","なつやすみ","summer vacation","JLPT JLPT_5 JLPT_N5","D=cA)b0@~(","kỳ nghỉ hè"
"～など","～など","et cetera","JLPT JLPT_3 JLPT_5 JLPT_N5","e(]O3py,;2","vân vân"
"七つ","ななつ","seven things","Genki Genki_Ln.9 JLPT JLPT_3 JLPT_5 JLPT_N5","G25u:w`9Xu","bảy điều"
"何","なん; なに","what","Genki Genki_Ln.1 JLPT JLPT_3 JLPT_5 JLPT_N5","g<hW@mElnM","Gì"
"七日","なのか","seven days; seventh day (of the month)","Genki Genki_Ln.13 JLPT JLPT_5 JLPT_N5","I|+G2AT>J]","bảy ngày; ngày thứ bảy (trong tháng)"
"名前","なまえ","name","Genki Genki_Ln.1 JLPT JLPT_5 JLPT_N5","e6o_CEx8)b","tên"
"習う","ならう","to learn","Genki Genki_Ln.11 JLPT JLPT_5 JLPT_N5","iV+xor)WZT","học"
"並ぶ","ならぶ","to line up, to stand in a line (v.i.)","Intermediate_Japanese Intermediate_Japanese_Ln.7 JLPT JLPT_5 JLPT_N5","nIHPO#>_}+","xếp hàng, xếp hàng (v.i.)"
"並べる","ならべる","to put (things) side by side; to line up","Intermediate_Japanese Intermediate_Japanese_Ln.15 JLPT JLPT_5 JLPT_N5","n!B94UfoT6","đặt (đồ vật) cạnh nhau; xếp hàng"
"なる","なる","to become","Genki Genki_Ln.10 JLPT JLPT_3 JLPT_5 JLPT_N5","ukKTUxR2lk","trở thành"
"何～","なん～","what sort of ~","JLPT JLPT_5 JLPT_N5","C!@pB0L*^>","kiểu gì vậy ~"
"二","に","two","JLPT JLPT_5 JLPT_N5","uzD!:&B)8|","hai"
"にぎやか","にぎやか","bustling, busy","JLPT JLPT_5 JLPT_N5","cIb<bg#^)L","nhộn nhịp, bận rộn"
"肉","にく","meat","Genki Genki_Ln.2 JLPT JLPT_5 JLPT_N5","Go(gh2eIxK","thịt"
"西","にし","west","JLPT JLPT_5 JLPT_N5","D!YA^58RBg","hướng tây"
"～日","～にち","~ day of the month, for ~ days","JLPT JLPT_5 JLPT_N5","DbJ@Azg05L","~ ngày trong tháng, trong ~ ngày"
"日曜日","にちようび","Sunday","Genki Genki_Ln.3 JLPT JLPT_3 JLPT_5 JLPT_N5","XSi31p{-G","Chủ nhật"
"荷物","にもつ","luggage; baggage","Genki Genki_Ln.6 Intermediate_Japanese Intermediate_Japanese_Ln.6 JLPT JLPT_5 JLPT_N5","MH72iI!<]q","hành lý; hành lý"
"ニュース","ニュース","news","Genki Genki_Ln.17 JLPT JLPT_5 JLPT_N5","iHtE.]1*,&","tin tức"
"庭","にわ","garden","Genki Genki_Ln.15 JLPT JLPT_5 JLPT_N5","f&>q3YTU?H","vườn"
"～人","～にん","counter for people","JLPT JLPT_5 JLPT_N5","FNnJ8yNPin","quầy cho người"
"脱ぐ","ぬぐ","to take off (clothes)","Genki Genki_Ln.17 JLPT JLPT_5 JLPT_N5","cM_g)oAQIs","cởi (quần áo)"
"温い","ぬるい","lukewarm","JLPT JLPT_3 JLPT_5 JLPT_N5","gfQAF/k(q,","ấm áp"
"ネクタイ","ネクタイ","tie, necktie","Genki Genki_Ln.14 JLPT JLPT_5 JLPT_N5","AQO{m&veen","cà vạt, cà vạt"
"猫","ねこ","cat","Genki Genki_Ln.4 JLPT JLPT_5 JLPT_N5","x^.ijbc4Mz","con mèo"
"寝る","ねる","to sleep; to go to sleep; to go to bed","Genki Genki_Ln.3 Intermediate_Japanese Intermediate_Japanese_Ln.2 JLPT JLPT_5 JLPT_N5","PAI>}YTMT!","ngủ; đi ngủ; đi ngủ"
"～年","～ねん","~ years","JLPT JLPT_5 JLPT_N5","gYAXz}z6O,","~ năm"
"ノート","ノート","notebook","Genki Genki_Ln.2 JLPT JLPT_5 JLPT_N5","Go~p$PSFcm","sổ tay"
"登る","のぼる","to climb","JLPT JLPT_3 JLPT_5 JLPT_N5","unM=ha?S3d","leo lên"
"飲み物","のみもの","drink, beverage","Genki Genki_Ln.5 JLPT JLPT_5 JLPT_N5","k?X,84{EZ8","đồ uống, đồ uống"
"飲む","のむ","to drink","JLPT JLPT_5 JLPT_N5","C;cf;f4#r6","uống"
"乗る","のる","to get on, to ride in, to board","JLPT JLPT_3 JLPT_5 JLPT_N5","J~ykS_Bo0m","lên, đi vào, lên xe"
"歯","は","tooth","Genki Genki_Ln.12 Intermediate_Japanese Intermediate_Japanese_Ln.12 JLPT JLPT_5 JLPT_N5","J1;2F+tdr`","răng"
"パーティー","パーティー","a party","Genki Genki_Ln.8 JLPT JLPT_5 JLPT_N5","O}o_r|!syk","một bữa tiệc"
"はい","はい","yes","Genki Genki_Ln.1 JLPT JLPT_3 JLPT_5 JLPT_N5","Q.;:Q&Nmh}","Đúng"
"～杯","～はい","counter for cupfuls","JLPT JLPT_5 JLPT_N5","JTOz#Az0jW","quầy tính cốc"
"灰皿","はいざら","ashtray","JLPT JLPT_5 JLPT_N5","mAdBNp<Jp$","cái gạt tàn"
"入る","はいる","to enter, to contain, to hold","JLPT JLPT_5 JLPT_N5","zZFQIc).TB","đi vào, chứa, giữ"
"葉書","はがき","postcard","Genki Genki_Ln.5 JLPT JLPT_5 JLPT_N5","jer83m7P=.","bưu thiếp"
"はく","はく","to put on (items below your waist)","Genki Genki_Ln.7 JLPT JLPT_3 JLPT_5 JLPT_N5","oRjJ`o{id)","để mặc (đồ dưới thắt lưng của bạn)"
"箱","はこ","box","JLPT JLPT_5 JLPT_N5","D@BX&%Fydt","hộp"
"橋","はし","bridge","JLPT JLPT_3 JLPT_5 JLPT_N5","gMcz>SvPjQ","cầu"
"箸","はし","chopsticks","Genki Genki_Ln.8 JLPT JLPT_3 JLPT_5 JLPT_N5","vlWz[4OAnE","đũa"
"始まる","はじまる","(something) begins","Genki Genki_Ln.9 JLPT JLPT_5 JLPT_N5","g7#i$_:K%6","(cái gì đó) bắt đầu"
"初め; 始め","はじめ","beginning, start","JLPT JLPT_3 JLPT_5 JLPT_N5","Po{k$4o=i}","bắt đầu, bắt đầu"
"初めて","はじめて","for the first time","Genki Genki_Ln.12 Intermediate_Japanese Intermediate_Japanese_Ln.1 JLPT JLPT_5 JLPT_N5","FM~Al0*F*3","lần đầu tiên"
"走る","はしる","to run","Genki Genki_Ln.22 Intermediate_Japanese Intermediate_Japanese_Ln.10 JLPT JLPT_5 JLPT_N5","B)($ycG+,c","chạy"
"バス","バス","bus; bath; bass","Genki Genki_Ln.5 Intermediate_Japanese Intermediate_Japanese_Ln.10 JLPT JLPT_1 JLPT_5 JLPT_N5","nF2zK|?mh~","xe buýt; bồn tắm; âm trầm"
"バター","バター","butter","JLPT JLPT_5 JLPT_N5","bep_D~c3Ed","bơ"
"二十歳","はたち","20 years old","JLPT JLPT_3 JLPT_5 JLPT_N5","s,}HT(8Tzb","20 tuổi"
"働く","はたらく","to work","Genki Genki_Ln.11 Intermediate_Japanese Intermediate_Japanese_Ln.9 JLPT JLPT_5 JLPT_N5","fCkP4x.Nco","đi làm"
"八","はち","eight","JLPT JLPT_5 JLPT_N5","maEI.lHT3>","tám"
"二十日","はつか","twenty days, twentieth (day of the month)","JLPT JLPT_5 JLPT_N5","mmn=3%}>}J","hai mươi ngày, hai mươi (ngày trong tháng)"
"花","はな","flower","JLPT JLPT_5 JLPT_N5","js_smr~4Ak","hoa"
"鼻","はな","nose","JLPT JLPT_5 JLPT_N5","Ft8Z7qnLG,","mũi"
"話","はなし","talk (chat), story","Genki Genki_Ln.19 JLPT JLPT_5 JLPT_N5","A(<B}*ZSa_","trò chuyện (chat), câu chuyện"
"話す","はなす","to speak","JLPT JLPT_3 JLPT_5 JLPT_N5","d]>`2&`x#1","nói chuyện"
"母","はは","(my) mother","Genki Genki_Ln.14 JLPT JLPT_5 JLPT_N5","I?S_Xs1PT;","(của tôi) mẹ"
"早い","はやい","early","Genki Genki_Ln.3 JLPT JLPT_5 JLPT_N5","J6yYVxGFN*","sớm"
"速い","はやい","fast, quick","Genki Genki_Ln.7 Intermediate_Japanese Intermediate_Japanese_Ln.4 JLPT JLPT_5 JLPT_N5","pfU@DZ;h3^","nhanh, nhanh"
"春","はる","spring","Genki Genki_Ln.10 Intermediate_Japanese Intermediate_Japanese_Ln.4 JLPT JLPT_3 JLPT_5 JLPT_N5","mlEwn=b[H<","mùa xuân"
"貼る","はる","to post; to paste; to attach","Genki Genki_Ln.21 Intermediate_Japanese Intermediate_Japanese_Ln.3 JLPT JLPT_3 JLPT_5 JLPT_N5","zI5j%aDV0.","đăng bài; để dán; để đính kèm"
"晴れ","はれ","clear (sunny) weather","Genki Genki_Ln.12 JLPT JLPT_5 JLPT_N5","nBD2D7_?kw","thời tiết quang đãng (nắng)"
"晴れる","はれる","to be sunny","Genki Genki_Ln.19 JLPT JLPT_5 JLPT_N5","ATM=j&::X;","trời nắng"
"半","はん","half (e.g., にじはん | half-past two)","Genki Genki_Ln.1 JLPT JLPT_3 JLPT_5 JLPT_N5","s%lRHov]`n","một nửa (ví dụ, にじはん | hai giờ rưỡi)"
"晩","ばん","evening","JLPT JLPT_3 JLPT_5 JLPT_N5","hO?dVEN`5B","buổi tối"
"～番","～ばん","~st; ~th best","JLPT JLPT_5 JLPT_N5","b/wgPDiVBg","~st; ~tốt nhất"
"パン","パン","bread","Genki Genki_Ln.4 JLPT JLPT_5 JLPT_N5","FI2Z[9I*9Q","bánh mỳ"
"ハンカチ","ハンカチ","handkerchief","JLPT JLPT_5 JLPT_N5","yU4LCXkUnv","khăn tay"
"番号","ばんごう","number, series of digits","Genki Genki_Ln.1 JLPT JLPT_5 JLPT_N5","c^xE))av$-","số, dãy chữ số"
"晩御飯","ばんごはん","dinner, evening meal","Genki Genki_Ln.3 JLPT JLPT_5 JLPT_N5","HihAr>C::*","bữa tối, bữa tối"
"半分","はんぶん","half","JLPT JLPT_5 JLPT_N5","DN!/&cg9bL","một nửa"
"東","ひがし","east","JLPT JLPT_5 JLPT_N5","pI3YEa2,3t","phía đông"
"～匹","～ひき","counter for small animals","JLPT JLPT_5 JLPT_N5","ivmKu+!yZ}","quầy cho động vật nhỏ"
"引く","ひく","to pull, to draw; subtract","JLPT JLPT_2 JLPT_3 JLPT_5 JLPT_N5","tVVM)ZI7wM","kéo, vẽ; trừ đi"
"弾く","ひく","to play (a string instrument or piano)","Genki Genki_Ln.9 JLPT JLPT_3 JLPT_5 JLPT_N5","HK}b0#P-HS","chơi (một nhạc cụ có dây hoặc piano)"
"低い","ひくい","short, low","JLPT JLPT_5 JLPT_N5","BBr{:lP!;x","ngắn, thấp"
"飛行機","ひこうき","airplane","Genki Genki_Ln.5 Intermediate_Japanese Intermediate_Japanese_Ln.1 JLPT JLPT_5 JLPT_N5","OUQ4o:]Va=","máy bay"
"左","ひだり","left hand side","JLPT JLPT_5 JLPT_N5","h_@t6d`1:*","bên tay trái"
"人","ひと","man, person","Genki Genki_Ln.4 JLPT JLPT_5 JLPT_N5","ya&#4:D}>{","người đàn ông, người"
"一つ","ひとつ","one thing","Genki Genki_Ln.9 JLPT JLPT_5 JLPT_N5","lMwiFE;gTW","một điều"
"一月","ひとつき","one month","JLPT JLPT_5 JLPT_N5","JU.k{Nz*{h","một tháng"
"一人","ひとり","one person","Genki Genki_Ln.7 JLPT JLPT_3 JLPT_5 JLPT_N5","rOUMQ8LZ5<","một người"
"暇","ひま","free time, leisure","JLPT JLPT_5 JLPT_N5","urDxNZnrq<","thời gian rảnh rỗi, giải trí"
"百","ひゃく","hundred","JLPT JLPT_5 JLPT_N5","J;(UasY_=O","trăm"
"病院","びょういん","hospital","Genki Genki_Ln.4 JLPT JLPT_5 JLPT_N5","<+#t;D=L-","bệnh viện"
"病気","びょうき","illness; sickness","Genki Genki_Ln.9 Intermediate_Japanese Intermediate_Japanese_Ln.2 JLPT JLPT_5 JLPT_N5","Ibs3I0!xB|","sự ốm yếu; bệnh tật"
"平仮名","ひらがな","hiragana","JLPT JLPT_5 JLPT_N5","k}y1F@5e8u","chữ hiragana"
"昼","ひる","noon, daytime","JLPT JLPT_5 JLPT_N5","i8$:v@D8x1","buổi trưa, ban ngày"
"昼御飯","ひるごはん","lunch, midday meal","Genki Genki_Ln.3 JLPT JLPT_5 JLPT_N5","JGK7M1P.PA","bữa trưa, bữa trưa"
"広い","ひろい","spacious; wide; broad","Genki Genki_Ln.15 Intermediate_Japanese Intermediate_Japanese_Ln.15 JLPT JLPT_5 JLPT_N5","nThxsh#3~a","rộng rãi; rộng; rộng rãi"
"フィルム","フィルム","film (roll of)","JLPT JLPT_5 JLPT_N5","w#JO*~D@<H","phim (cuộn)"
"封筒","ふうとう","envelope","Intermediate_Japanese Intermediate_Japanese_Ln.3 JLPT JLPT_5 JLPT_N5","JaXU6BSc-h","phong bì"
"プール","プール","swimming pool","Genki Genki_Ln.15 JLPT JLPT_5 JLPT_N5","J.!iKtAY)1","bể bơi"
"フォーク","フォーク","fork","JLPT JLPT_5 JLPT_N5","Q#>HBX67;#","cái nĩa"
"吹く","ふく","to blow (wind, etc.)","Genki Genki_Ln.22 JLPT JLPT_3 JLPT_5 JLPT_N5","mo@qiT7%d3","thổi (gió,...)"
"服","ふく","clothes","Genki Genki_Ln.12 JLPT JLPT_3 JLPT_5 JLPT_N5","G;N&<jI3Ep","quần áo"
"二つ","ふたつ","two things","Genki Genki_Ln.9 JLPT JLPT_5 JLPT_N5","A@M*oG}Fjm","hai điều"
"豚肉","ぶたにく","pork","JLPT JLPT_5 JLPT_N5","N1fM*9;kPY","thịt lợn"
"二人","ふたり","two people","Genki Genki_Ln.7 JLPT JLPT_5 JLPT_N5","yRF#3ntAGH","hai người"
"二日","ふつか","two days; second day of the month","Genki Genki_Ln.13 JLPT JLPT_5 JLPT_N5","dRYcz7jSL;","hai ngày; ngày thứ hai của tháng"
"太い","ふとい","fat, thick","JLPT JLPT_5 JLPT_N5","LD`2@7dG9a","béo, dày"
"冬","ふゆ","winter","Genki Genki_Ln.8 Intermediate_Japanese Intermediate_Japanese_Ln.4 JLPT JLPT_5 JLPT_N5","reZ;<Y^{LL","mùa đông"
"降る","ふる","to precipitate, to fall (e.g., rain, snow, etc.)","Intermediate_Japanese Intermediate_Japanese_Ln.2 JLPT JLPT_3 JLPT_5 JLPT_N5","q(<}4NV?U@","kết tủa, rơi (ví dụ: mưa, tuyết, v.v.)"
"古い","ふるい","old (in reference to objects, not people), aged, ancient","Genki Genki_Ln.5 JLPT JLPT_5 JLPT_N5","gH<g@fkLje","già (liên quan đến đồ vật, không phải con người), già, cổ xưa"
"～分","～ふん","~ minutes","JLPT JLPT_5 JLPT_N5","chUnU+#xr]","~ phút"
"文章","ぶんしょう","sentence, text","JLPT JLPT_5 JLPT_N5","F&}@z14/*V","câu, văn bản"
"ページ","ページ","a page","Genki Genki_Ln.6 JLPT JLPT_5 JLPT_N5","jR*]a[JBx$","một trang"
"下手","へた","unskillful, poor","JLPT JLPT_5 JLPT_N5","zx]n<UpO/Q","không khéo léo, nghèo nàn"
"ベッド","ベッド","bed","JLPT JLPT_5 JLPT_N5","mm(#F~5?W7","giường"
"ペット","ペット","pet","Genki Genki_Ln.15 JLPT JLPT_3 JLPT_5 JLPT_N5","Gm:f8t8t/V","thú cưng"
"部屋","へや","a room","Genki Genki_Ln.5 Intermediate_Japanese Intermediate_Japanese_Ln.2 JLPT JLPT_5 JLPT_N5","cB,rGZ.;c.","một căn phòng"
"辺","へん","area, vicinity","JLPT JLPT_5 JLPT_N5","v^uJ@o,r7C","vùng lân cận"
"ペン","ペン","pen","Genki Genki_Ln.2 JLPT JLPT_5 JLPT_N5","PpbmxKp]%S","cái bút"
"勉強","べんきょう (する)","study","JLPT JLPT_3 JLPT_5 JLPT_N5","P|N-mC4itp","học"
"便利","べんり","convenient, handy","JLPT JLPT_5 JLPT_N5","NSM1sxi#q3","thuận tiện, tiện dụng"
"帽子","ぼうし","hat; cap","Genki Genki_Ln.2 JLPT JLPT_5 JLPT_N5","whud$h6Xsa","mũ; mũ lưỡi trai"
"ボールペン","ボールペン","ball-point pen","JLPT JLPT_5 JLPT_N5","A1a57pRAi*","bút bi"
"外","ほか","other, the rest","JLPT JLPT_3 JLPT_5 JLPT_N5","q-Rsw+YG/*","cái khác, phần còn lại"
"ポケット","ポケット","pocket","JLPT JLPT_5 JLPT_N5","PrdL>hhb^[","túi"
"欲しい","ほしい","to want, in need of","JLPT JLPT_5 JLPT_N5","IB/)D,[pe$","muốn, cần"
"ポスト","ポスト","mailbox; post, position","JLPT JLPT_5 JLPT_N5","CSDW$^FNBN","hộp thư; chức vụ, vị trí"
"細い","ほそい","thin, slender, fine","JLPT JLPT_5 JLPT_N5","zm=f9J*i)W","mỏng, mảnh mai, tốt"
"ボタン","ボタン","button","JLPT JLPT_5 JLPT_N5","o=Cnvf:%>b","cái nút"
"ホテル","ホテル","hotel","Genki Genki_Ln.4 JLPT JLPT_5 JLPT_N5","n#S=W;:k;`","khách sạn"
"本","ほん","book","Genki Genki_Ln.2 JLPT JLPT_5 JLPT_N5","PgM`&0<&bX","sách"
"～本","～ほん","counter for long cylindrical things","JLPT JLPT_2 JLPT_5 JLPT_N5","Aln2n5Y6m$","quầy cho những thứ hình trụ dài"
"本棚","ほんだな","bookshelf","JLPT JLPT_5 JLPT_N5","LlS7xyP)^9","giá sách"
"本当","ほんとう","real, true","JLPT JLPT_3 JLPT_5 JLPT_N5","mp{CGAM3}E","thực, đúng"
"～枚","～まい","counter for flat things","JLPT JLPT_5 JLPT_N5","eZ7Lx)q}m","quầy cho những thứ phẳng"
"毎朝","まいあさ","every morning","Genki Genki_Ln.19 JLPT JLPT_5 JLPT_N5","FY8YY]~jH+","mỗi buổi sáng"
"毎月","まいげつ; まいつき","every month, monthly","JLPT JLPT_5 JLPT_N5","x6m6aNH)Wj","hàng tháng, hàng tháng"
"毎週","まいしゅう","every week","Genki Genki_Ln.8 JLPT JLPT_5 JLPT_N5","Lp7~a9~`1G","mỗi tuần"
"毎日","まいにち","every day","Genki Genki_Ln.3 JLPT JLPT_5 JLPT_N5","b}uYG),?~1","mỗi ngày"
"毎年","まいねん; まいとし","every year, yearly, annually","JLPT JLPT_5 JLPT_N5","cLTCt({=p{","hàng năm, hàng năm, hàng năm"
"毎晩","まいばん","every night","Genki Genki_Ln.3 JLPT JLPT_5 JLPT_N5","s&rZqJP=be","mỗi đêm"
"前","まえ","before, in front","Genki Genki_Ln.17 JLPT JLPT_5 JLPT_N5","AcNx(A=]3O","trước, ở phía trước"
"～前","～まえ","in front of ~","JLPT JLPT_5 JLPT_N5","Jh#_2I1KK<","trước mặt ~"
"曲る","まがる","to turn, to bend","JLPT JLPT_3 JLPT_5 JLPT_N5","fZb*Dqk8+n","xoay, uốn cong"
"まずい","まずい","terrible (in reference to food), unappetizing, unpleasant (taste)","Genki Genki_Ln.23 JLPT JLPT_5 JLPT_N5","y=A8n$:VZF","khủng khiếp (liên quan đến thực phẩm), không ngon miệng, khó chịu (hương vị)"
"また","また","and; furthermore","Genki Genki_Ln.20 Intermediate_Japanese Intermediate_Japanese_Ln.5 JLPT JLPT_3 JLPT_5 JLPT_N5","H#sUyG^B<2","Và; hơn nữa"
"まだ","まだ","yet, still, besides","Genki Genki_Ln.19 JLPT JLPT_3 JLPT_5 JLPT_N5","xr/3DB/ghC","tuy nhiên, vẫn còn, bên cạnh đó"
"町","まち","town; city","Genki Genki_Ln.4 Intermediate_Japanese Intermediate_Japanese_Ln.1 JLPT JLPT_3 JLPT_5 JLPT_N5","xztbV5AMZZ","thị trấn; thành phố"
"待つ","まつ","to wait","JLPT JLPT_3 JLPT_5 JLPT_N5","N6<)T3m*1$","chờ đợi"
"まっすぐ","まっすぐ","straight (ahead), direct","JLPT JLPT_3 JLPT_5 JLPT_N5","o(%GCd@4cN","thẳng (phía trước), trực tiếp"
"マッチ","マッチ","match","JLPT JLPT_5 JLPT_N5","r{cxPi6M{l","cuộc thi đấu"
"窓","まど","window","Genki Genki_Ln.6 JLPT JLPT_5 JLPT_N5","dZZ^@1iCkq","cửa sổ"
"丸い; 円い","まるい","round, circular","JLPT JLPT_3 JLPT_5 JLPT_N5","kXV&n*v-w~","tròn, hình tròn"
"万","まん","ten thousand","JLPT JLPT_5 JLPT_N5","k%8Ts^<^Df","mười nghìn"
"万年筆","まんねんひつ","fountain pen","JLPT JLPT_5 JLPT_N5","pjtI#>[G;I","bút máy"
"磨く","みがく","to brush (teeth); to polish","Genki Genki_Ln.13 JLPT JLPT_5 JLPT_N5","f*XbBCL&y-","đánh răng (răng); đánh bóng"
"右","みぎ","right hand side","JLPT JLPT_5 JLPT_N5","Dx]?1r0B)6","bên tay phải"
"短い","みじかい","short (length)","Genki Genki_Ln.7 Intermediate_Japanese Intermediate_Japanese_Ln.11 JLPT JLPT_5 JLPT_N5","CoDv|eMw1>","ngắn (dài)"
"水","みず","water","Genki Genki_Ln.3 JLPT JLPT_5 JLPT_N5","Psad>Q=[fe","Nước"
"店","みせ","store, shop","Genki Genki_Ln.13 Intermediate_Japanese Intermediate_Japanese_Ln.6 JLPT JLPT_5 JLPT_N5","w{yPQLxrpZ","cửa hàng, cửa hàng"
"見せる","みせる","to show, to display","Genki Genki_Ln.16 JLPT JLPT_5 JLPT_N5","u/XQDC4A&:","để hiển thị, để hiển thị"
"道","みち","road, street; way, directions","Genki Genki_Ln.16 JLPT JLPT_5 JLPT_N5","g*1iadY2;L","đường, phố; đường đi, hướng dẫn"
"三日","みっか","three days, third day of the month","Genki Genki_Ln.13 JLPT JLPT_5 JLPT_N5","BQ,4DuKr8>","ba ngày, ngày thứ ba của tháng"
"三つ","みっつ","three things","Genki Genki_Ln.9 JLPT JLPT_5 JLPT_N5","E%f95v%koQ","ba điều"
"緑","みどり","green","JLPT JLPT_5 JLPT_N5","d@$Uu~dQl-","màu xanh lá"
"皆さん","みなさん","all of you, everyone","Intermediate_Japanese Intermediate_Japanese_Ln.4 JLPT JLPT_5 JLPT_N5","xUxg44IBk/","tất cả các bạn, mọi người"
"南","みなみ","South","Intermediate_Japanese Intermediate_Japanese_Ln.10 JLPT JLPT_5 JLPT_N5","tmB.Hd2Sk_","Phía nam"
"耳","みみ","ear","Intermediate_Japanese Intermediate_Japanese_Ln.5 JLPT JLPT_5 JLPT_N5","c2VG#0omOo","tai"
"見る","みる","to see, to look","JLPT JLPT_3 JLPT_5 JLPT_N5","LJ*9Zy3g--","để xem, để nhìn"
"みんな","みんな","all, everyone, everybody","Genki Genki_Ln.9 JLPT JLPT_3 JLPT_5 JLPT_N5","NO(9_g@4E)","tất cả, mọi người, mọi người"
"六日","むいか","six days; sixth day of month","Genki Genki_Ln.13 JLPT JLPT_5 JLPT_N5","cT@R(=%:PY","sáu ngày; ngày thứ sáu của tháng"
"向こう","むこう","beyond, over there","JLPT JLPT_5 JLPT_N5","mQG@k1[%|C","đằng kia, đằng kia"
"難しい","むずかしい","difficult","Genki Genki_Ln.5 Intermediate_Japanese Intermediate_Japanese_Ln.2 JLPT JLPT_5 JLPT_N5","cp|.gBg]*Y","khó"
"六つ","むっつ","six things","Genki Genki_Ln.9 JLPT JLPT_5 JLPT_N5",",[k`qyR3)","sáu điều"
"村","むら","village","Intermediate_Japanese Intermediate_Japanese_Ln.10 JLPT JLPT_5 JLPT_N5","INP.Ccu#He","làng bản"
"目","め","eye(s)","Genki Genki_Ln.7 JLPT JLPT_3 JLPT_5 JLPT_N5","dhfW}%pIM+","mắt)"
"メートル","メートル","meter","JLPT JLPT_5 JLPT_N5","BPMIO$2k{i","mét"
"眼鏡","めがね","eye glasses","Genki Genki_Ln.7 JLPT JLPT_5 JLPT_N5","OGc^3PJcd3","kính mắt"
"もう","もう","already; again; more","Genki Genki_Ln.9 JLPT JLPT_2 JLPT_5 JLPT_N5","C9[8>(KXKL","đã; lại; hơn"
"木曜日","もくようび","Thursday","Genki Genki_Ln.4 JLPT JLPT_3 JLPT_5 JLPT_N5","k#-z20ZxXI","Thứ năm"
"もしもし","もしもし","Hello? (used on the phone)","Genki Genki_Ln.4 JLPT JLPT_5 JLPT_N5","nnhl#WnLYa","Xin chào? (dùng trên điện thoại)"
"持つ","もつ","to hold, to carry; to possess","JLPT JLPT_5 JLPT_N5","A&O@O/^cS;","cầm, mang; sở hữu"
"もっと","もっと","more","Genki Genki_Ln.11 JLPT JLPT_3 JLPT_5 JLPT_N5","OqdI=b3^K`","hơn"
"物","もの","thing (concrete object)","Genki Genki_Ln.12 JLPT JLPT_3 JLPT_5 JLPT_N5","z6=4|ALO,V","vật (vật cụ thể)"
"門","もん","gate","JLPT JLPT_5 JLPT_N5","H&[yCKRvgq","cổng"
"問題","もんだい","a problem","Intermediate_Japanese Intermediate_Japanese_Ln.11 JLPT JLPT_5 JLPT_N5","Eh6&Bnk+Z%","một vấn đề"
"～屋","～や","~ shop","JLPT_N5","ht#2@^87+]","~ cửa hàng"
"八百屋","やおや","greengrocer","JLPT JLPT_5 JLPT_N5","C[.TX0anRy","người bán rau"
"野菜","やさい","vegetable","Genki Genki_Ln.2 JLPT JLPT_5 JLPT_N5","qVg2VfFKQ;","rau quả"
"易しい","やさしい","easy, plain, simple","JLPT JLPT_5 JLPT_N5","O&W|&R47Dm","dễ dàng, rõ ràng, đơn giản"
"安い","やすい","inexpensive; cheap (things)","Genki Genki_Ln.5 JLPT JLPT_5 JLPT_N5","ie=X%ZqpqO","không tốn kém; (đồ vật) rẻ tiền"
"休み","やすみ","holiday; day off; absence","Genki Genki_Ln.5 JLPT JLPT_5 JLPT_N5","J*/c5_R!J=","ngày lễ; ngày nghỉ; sự vắng mặt"
"休む","やすむ","to rest, to have a break, to get time off","JLPT JLPT_5 JLPT_N5","i~a&f>8]D[","nghỉ ngơi, nghỉ ngơi, có thời gian nghỉ ngơi"
"八つ","やっつ","eight things","Genki Genki_Ln.9 JLPT JLPT_5 JLPT_N5","F=`<QfuMn*","tám điều"
"山","やま","mountain","Genki Genki_Ln.11 JLPT JLPT_5 JLPT_N5","FM#``XMUDZ","núi"
"やる","やる","to do; to give (to pets, parents, siblings, etc.)","Genki Genki_Ln.21 JLPT JLPT_4 JLPT_5 JLPT_N5","ee,Y5GOGX?","làm ; tặng (cho vật nuôi, cha mẹ, anh chị em, v.v.)"
"夕方","ゆうがた","late afternoon (typically just before dinner time), evening","Genki Genki_Ln.18 Intermediate_Japanese Intermediate_Japanese_Ln.10 JLPT JLPT_5 JLPT_N5","wr(&N+9Gfn","chiều muộn (thường ngay trước giờ ăn tối), buổi tối"
"夕飯","ゆうはん","dinner, supper, evening meal","JLPT JLPT_4 JLPT_5 JLPT_N5","x@-+;z#Bdx","bữa tối, bữa tối, bữa tối"
"郵便局","ゆうびんきょく","post office","Genki Genki_Ln.2 JLPT JLPT_5 JLPT_N5","E9^vm]j#7*","bưu điện"
"昨夜","ゆうべ","last night","JLPT JLPT_3 JLPT_5 JLPT_N5","h5wsUbx`&$","tối hôm qua"
"有名","ゆうめい","famous","JLPT JLPT_5 JLPT_N5","cV2lu-%dm7","nổi tiếng"
"雪","ゆき","snow","Genki Genki_Ln.12 JLPT JLPT_3 JLPT_5 JLPT_N5","jr0utv~KvB","tuyết"
"ゆっくりと","ゆっくりと","slowly, at ease","JLPT JLPT_5 JLPT_N5","w_ef65R9#}","từ từ, thoải mái"
"八日","ようか","eight days; eighth day of the month","Genki Genki_Ln.13 JLPT JLPT_5 JLPT_N5","Fd}WQ7nZj^","tám ngày; ngày thứ tám của tháng"
"洋服","ようふく","Western-style clothes","JLPT JLPT_5 JLPT_N5","uv*)pIfBA|","Quần áo kiểu phương Tây"
"よく","よく","frequently, often (much); well, skillfully","Genki Genki_Ln.14 Genki_Ln.3 JLPT JLPT_5 JLPT_N5","Fz[l>+!/Hl","thường xuyên, thường xuyên (nhiều); ừ thì khéo léo"
"横","よこ","beside; side; width","Intermediate_Japanese Intermediate_Japanese_Ln.11 JLPT JLPT_5 JLPT_N5","C?K**~xaVS","bên cạnh; bên; chiều rộng"
"四日","よっか","four days; fourth day of the month","Genki Genki_Ln.13 JLPT JLPT_5 JLPT_N5","s(2D4IDk2]","bốn ngày; ngày thứ tư của tháng"
"四つ","よっつ","four things","Genki Genki_Ln.9 JLPT JLPT_2 JLPT_5 JLPT_N5","BL9b_E4!L$","bốn điều"
"呼ぶ","よぶ","to call (one's name); to invite","Genki Genki_Ln.19 JLPT JLPT_3 JLPT_5 JLPT_N5","zV4mur-%tO","gọi (tên của một người); mời"
"読む","よむ","to read","JLPT JLPT_5 JLPT_N5","G8F?CvYLz|","đọc"
"夜","よる","evening, night","Genki Genki_Ln.6 JLPT JLPT_3 JLPT_5 JLPT_N5","lj*phUSR[b","buổi tối, đêm"
"弱い","よわい","weak","JLPT JLPT_5 JLPT_N5","x)3Ur1<az7","yếu đuối"
"来月","らいげつ","next month","Genki Genki_Ln.8 JLPT JLPT_5 JLPT_N5","O/Q*jP:8c|","tháng tới"
"来週","らいしゅう","next week","Genki Genki_Ln.6 JLPT JLPT_5 JLPT_N5","h}c~#8X!n;","tuần tới"
"来年","らいねん","next year","Genki Genki_Ln.6 JLPT JLPT_5 JLPT_N5","mvNiHK,T4b","năm tới"
"ラジオ","ラジオ","radio","Genki Genki_Ln.14 JLPT JLPT_5 JLPT_N5","wyqA~/nA@+","radio"
"ラジオカセ","ラジオカセ","radio cassette player","JLPT JLPT_5 JLPT_N5","eBPF6I+,&0","máy nghe băng đài phát thanh"
"りっぱ","りっぱ","splendid, fine","JLPT JLPT_3 JLPT_5 JLPT_N5","J%`%&)W1.O","tuyệt vời, tốt"
"留学生","りゅうがくせい","international student","Genki Genki_Ln.1 JLPT JLPT_5 JLPT_N5","n89-KYTMQf","sinh viên quốc tế"
"両親","りょうしん","parents (lit., both parents)","Genki Genki_Ln.14 Intermediate_Japanese Intermediate_Japanese_Ln.1 JLPT JLPT_5 JLPT_N5","L.[<hVhM?f","cha mẹ (lit., cả cha lẫn mẹ)"
"料理","りょうり","cooking; cuisine","Intermediate_Japanese Intermediate_Japanese_Ln.4 JLPT JLPT_5 JLPT_N5","G!~TK}MKdj","nấu ăn; ẩm thực"
"旅行","りょこう","travel, trip","Genki Genki_Ln.5 JLPT JLPT_5 JLPT_N5","KmCEi1#qL@","du lịch, chuyến đi"
"零","れい","zero, nought","JLPT JLPT_3 JLPT_5 JLPT_N5","rc1t]Q^qI(","không, không có gì"
"冷蔵庫","れいぞうこ","refrigerator","Genki Genki_Ln.18 JLPT JLPT_5 JLPT_N5","j*=Z=Hk4*w","tủ lạnh"
"レコード","レコード","record","JLPT JLPT_5 JLPT_N5","xn:3qV.c32","ghi"
"レストラン","レストラン","restaurant","Genki Genki_Ln.4 JLPT JLPT_5 JLPT_N5","s3y4P[QtRd","nhà hàng"
"練習","れんしゅう (する)","(to) practice","JLPT JLPT_5 JLPT_N5","KaUYN0c91a","(để) luyện tập"
"廊下","ろうか","corridor","JLPT JLPT_5 JLPT_N5","AsH$#BLZ{M","hành lang"
"六","ろく","six","JLPT JLPT_5 JLPT_N5","w>WY?cJ:VM","sáu"
"ワイシャツ","ワイシャツ","shirt (lit: white shirt), business shirt","JLPT JLPT_5 JLPT_N5","x|nJIKNm*T","áo sơ mi (lit: áo sơ mi trắng), áo sơ mi công sở"
"若い","わかい","young","Genki Genki_Ln.9 Intermediate_Japanese Intermediate_Japanese_Ln.1 JLPT JLPT_5 JLPT_N5","xN9[eu+8aY","trẻ"
"分かる","わかる","to understand","JLPT JLPT_5 JLPT_N5","vF3#$3|-lu","để hiểu"
"忘れる","わすれる","to forget","Intermediate_Japanese Intermediate_Japanese_Ln.3 JLPT JLPT_5 JLPT_N5","HW)xrzU[Z4","quên"
"私","わたし","I, myself","Genki Genki_Ln.1 JLPT JLPT_5 JLPT_N5","I+Y7lySy.4","Tôi, chính tôi"
"私","わたくし","I (formal), myself, private affairs","Genki Genki_Ln.13 JLPT JLPT_2 JLPT_5 JLPT_N5","m!I5:hHt<W","Tôi (chính thức), bản thân tôi, việc riêng tư"
"渡す","わたす","to hand (something) over (v.t.); to get across","Intermediate_Japanese Intermediate_Japanese_Ln.6 JLPT JLPT_5 JLPT_N5","KvDHRUZ*r&","giao (cái gì đó) qua (v.t.); để vượt qua"
"渡る","わたる","to cross over, to go across","JLPT JLPT_5 JLPT_N5","z9kLvI4/{d","băng qua, băng qua"
"悪い","わるい","bad, sinful; inferior","Genki Genki_Ln.12 Intermediate_Japanese Intermediate_Japanese_Ln.3 JLPT JLPT_5 JLPT_N5","rxV$$v%QZ;","xấu, tội lỗi; kém cỏi"
